coord,list
"{'lon': 28.1878, 'lat': -25.7449}","[{'main': {'aqi': 5}, 'components': {'co': 881.2, 'no': 0, 'no2': 18.51, 'o3': 51.5, 'so2': 33.85, 'pm2_5': 80.85, 'pm10': 97.29, 'nh3': 6.14}, 'dt': 1689704469}]"
"{'lon': 28.0436, 'lat': -26.2023}","[{'main': {'aqi': 5}, 'components': {'co': 2643.59, 'no': 2.01, 'no2': 87.05, 'o3': 10.28, 'so2': 122.07, 'pm2_5': 199.67, 'pm10': 246.28, 'nh3': 27.61}, 'dt': 1689704470}]"
"{'lon': 28.1858, 'lat': -25.8589}","[{'main': {'aqi': 4}, 'components': {'co': 674.25, 'no': 0, 'no2': 16.97, 'o3': 65.8, 'so2': 22.89, 'pm2_5': 66.51, 'pm10': 82.85, 'nh3': 4.69}, 'dt': 1689704472}]"
"{'lon': 28.1378, 'lat': -25.9636}","[{'main': {'aqi': 4}, 'components': {'co': 674.25, 'no': 0, 'no2': 16.97, 'o3': 65.8, 'so2': 22.89, 'pm2_5': 66.51, 'pm10': 82.85, 'nh3': 4.69}, 'dt': 1689704472}]"
"{'lon': 28.0589, 'lat': -26.0545}","[{'main': {'aqi': 4}, 'components': {'co': 660.9, 'no': 0, 'no2': 27.76, 'o3': 68.67, 'so2': 24.8, 'pm2_5': 63.64, 'pm10': 87.49, 'nh3': 4.75}, 'dt': 1689704473}]"
"{'lon': 28.1878, 'lat': -25.7449}","[{'main': {'aqi': 5}, 'components': {'co': 988.01, 'no': 0, 'no2': 21.94, 'o3': 42.92, 'so2': 36.24, 'pm2_5': 87.31, 'pm10': 105.79, 'nh3': 7.09}, 'dt': 1689705494}]"
"{'lon': 28.0436, 'lat': -26.2023}","[{'main': {'aqi': 5}, 'components': {'co': 2990.72, 'no': 5.53, 'no2': 82.25, 'o3': 3.89, 'so2': 117.3, 'pm2_5': 228.64, 'pm10': 281.65, 'nh3': 30.15}, 'dt': 1689705495}]"
"{'lon': 28.1858, 'lat': -25.8589}","[{'main': {'aqi': 4}, 'components': {'co': 767.71, 'no': 0, 'no2': 20.05, 'o3': 51.5, 'so2': 24.8, 'pm2_5': 72.06, 'pm10': 91.53, 'nh3': 6.02}, 'dt': 1689705495}]"
"{'lon': 28.1378, 'lat': -25.9636}","[{'main': {'aqi': 4}, 'components': {'co': 767.71, 'no': 0, 'no2': 20.05, 'o3': 51.5, 'so2': 24.8, 'pm2_5': 72.06, 'pm10': 91.53, 'nh3': 6.02}, 'dt': 1689705498}]"
"{'lon': 28.0589, 'lat': -26.0545}","[{'main': {'aqi': 4}, 'components': {'co': 767.71, 'no': 0, 'no2': 31.87, 'o3': 51.5, 'so2': 26.46, 'pm2_5': 69.45, 'pm10': 99.52, 'nh3': 6.14}, 'dt': 1689705499}]"
"{'lon': 28.1878, 'lat': -25.7449}","[{'main': {'aqi': 5}, 'components': {'co': 988.01, 'no': 0, 'no2': 21.94, 'o3': 42.92, 'so2': 36.24, 'pm2_5': 87.31, 'pm10': 105.79, 'nh3': 7.09}, 'dt': 1689706100}]"
"{'lon': 28.0436, 'lat': -26.2023}","[{'main': {'aqi': 5}, 'components': {'co': 2990.72, 'no': 5.53, 'no2': 82.25, 'o3': 3.89, 'so2': 117.3, 'pm2_5': 228.64, 'pm10': 281.65, 'nh3': 30.15}, 'dt': 1689706100}]"
"{'lon': 28.1858, 'lat': -25.8589}","[{'main': {'aqi': 4}, 'components': {'co': 767.71, 'no': 0, 'no2': 20.05, 'o3': 51.5, 'so2': 24.8, 'pm2_5': 72.06, 'pm10': 91.53, 'nh3': 6.02}, 'dt': 1689706101}]"
"{'lon': 28.1378, 'lat': -25.9636}","[{'main': {'aqi': 4}, 'components': {'co': 767.71, 'no': 0, 'no2': 20.05, 'o3': 51.5, 'so2': 24.8, 'pm2_5': 72.06, 'pm10': 91.53, 'nh3': 6.02}, 'dt': 1689706102}]"
"{'lon': 28.0589, 'lat': -26.0545}","[{'main': {'aqi': 4}, 'components': {'co': 767.71, 'no': 0, 'no2': 31.87, 'o3': 51.5, 'so2': 26.46, 'pm2_5': 69.45, 'pm10': 99.52, 'nh3': 6.14}, 'dt': 1689706104}]"
"{'lon': 28.1878, 'lat': -25.7449}","[{'main': {'aqi': 5}, 'components': {'co': 988.01, 'no': 0, 'no2': 21.94, 'o3': 42.92, 'so2': 36.24, 'pm2_5': 87.31, 'pm10': 105.79, 'nh3': 7.09}, 'dt': 1689706707}]"
"{'lon': 28.0436, 'lat': -26.2023}","[{'main': {'aqi': 5}, 'components': {'co': 2990.72, 'no': 5.53, 'no2': 82.25, 'o3': 3.89, 'so2': 117.3, 'pm2_5': 228.64, 'pm10': 281.65, 'nh3': 30.15}, 'dt': 1689706707}]"
"{'lon': 28.1858, 'lat': -25.8589}","[{'main': {'aqi': 4}, 'components': {'co': 767.71, 'no': 0, 'no2': 20.05, 'o3': 51.5, 'so2': 24.8, 'pm2_5': 72.06, 'pm10': 91.53, 'nh3': 6.02}, 'dt': 1689706711}]"
"{'lon': 28.1378, 'lat': -25.9636}","[{'main': {'aqi': 4}, 'components': {'co': 767.71, 'no': 0, 'no2': 20.05, 'o3': 51.5, 'so2': 24.8, 'pm2_5': 72.06, 'pm10': 91.53, 'nh3': 6.02}, 'dt': 1689706712}]"
"{'lon': 28.0589, 'lat': -26.0545}","[{'main': {'aqi': 4}, 'components': {'co': 767.71, 'no': 0, 'no2': 31.87, 'o3': 51.5, 'so2': 26.46, 'pm2_5': 69.45, 'pm10': 99.52, 'nh3': 6.14}, 'dt': 1689706716}]"
"{'lon': 28.1878, 'lat': -25.7449}","[{'main': {'aqi': 5}, 'components': {'co': 988.01, 'no': 0, 'no2': 21.94, 'o3': 42.92, 'so2': 36.24, 'pm2_5': 87.31, 'pm10': 105.79, 'nh3': 7.09}, 'dt': 1689707317}]"
"{'lon': 28.0436, 'lat': -26.2023}","[{'main': {'aqi': 5}, 'components': {'co': 2990.72, 'no': 5.53, 'no2': 82.25, 'o3': 3.89, 'so2': 117.3, 'pm2_5': 228.64, 'pm10': 281.65, 'nh3': 30.15}, 'dt': 1689707318}]"
"{'lon': 28.1858, 'lat': -25.8589}","[{'main': {'aqi': 4}, 'components': {'co': 767.71, 'no': 0, 'no2': 20.05, 'o3': 51.5, 'so2': 24.8, 'pm2_5': 72.06, 'pm10': 91.53, 'nh3': 6.02}, 'dt': 1689707319}]"
"{'lon': 28.1378, 'lat': -25.9636}","[{'main': {'aqi': 4}, 'components': {'co': 767.71, 'no': 0, 'no2': 20.05, 'o3': 51.5, 'so2': 24.8, 'pm2_5': 72.06, 'pm10': 91.53, 'nh3': 6.02}, 'dt': 1689707320}]"
"{'lon': 28.0589, 'lat': -26.0545}","[{'main': {'aqi': 4}, 'components': {'co': 767.71, 'no': 0, 'no2': 31.87, 'o3': 51.5, 'so2': 26.46, 'pm2_5': 69.45, 'pm10': 99.52, 'nh3': 6.14}, 'dt': 1689707325}]"
"{'lon': 28.1878, 'lat': -25.7449}","[{'main': {'aqi': 5}, 'components': {'co': 988.01, 'no': 0, 'no2': 21.94, 'o3': 42.92, 'so2': 36.24, 'pm2_5': 87.31, 'pm10': 105.79, 'nh3': 7.09}, 'dt': 1689707926}]"
"{'lon': 28.0436, 'lat': -26.2023}","[{'main': {'aqi': 5}, 'components': {'co': 2990.72, 'no': 5.53, 'no2': 82.25, 'o3': 3.89, 'so2': 117.3, 'pm2_5': 228.64, 'pm10': 281.65, 'nh3': 30.15}, 'dt': 1689707927}]"
"{'lon': 28.1858, 'lat': -25.8589}","[{'main': {'aqi': 4}, 'components': {'co': 767.71, 'no': 0, 'no2': 20.05, 'o3': 51.5, 'so2': 24.8, 'pm2_5': 72.06, 'pm10': 91.53, 'nh3': 6.02}, 'dt': 1689707928}]"
"{'lon': 28.1378, 'lat': -25.9636}","[{'main': {'aqi': 4}, 'components': {'co': 767.71, 'no': 0, 'no2': 20.05, 'o3': 51.5, 'so2': 24.8, 'pm2_5': 72.06, 'pm10': 91.53, 'nh3': 6.02}, 'dt': 1689707929}]"
"{'lon': 28.0589, 'lat': -26.0545}","[{'main': {'aqi': 4}, 'components': {'co': 767.71, 'no': 0, 'no2': 31.87, 'o3': 51.5, 'so2': 26.46, 'pm2_5': 69.45, 'pm10': 99.52, 'nh3': 6.14}, 'dt': 1689707930}]"
"{'lon': 28.1878, 'lat': -25.7449}","[{'main': {'aqi': 5}, 'components': {'co': 988.01, 'no': 0, 'no2': 21.94, 'o3': 42.92, 'so2': 36.24, 'pm2_5': 87.31, 'pm10': 105.79, 'nh3': 7.09}, 'dt': 1689708531}]"
"{'lon': 28.0436, 'lat': -26.2023}","[{'main': {'aqi': 5}, 'components': {'co': 2990.72, 'no': 5.53, 'no2': 82.25, 'o3': 3.89, 'so2': 117.3, 'pm2_5': 228.64, 'pm10': 281.65, 'nh3': 30.15}, 'dt': 1689708532}]"
"{'lon': 28.1858, 'lat': -25.8589}","[{'main': {'aqi': 4}, 'components': {'co': 767.71, 'no': 0, 'no2': 20.05, 'o3': 51.5, 'so2': 24.8, 'pm2_5': 72.06, 'pm10': 91.53, 'nh3': 6.02}, 'dt': 1689708532}]"
"{'lon': 28.1378, 'lat': -25.9636}","[{'main': {'aqi': 4}, 'components': {'co': 767.71, 'no': 0, 'no2': 20.05, 'o3': 51.5, 'so2': 24.8, 'pm2_5': 72.06, 'pm10': 91.53, 'nh3': 6.02}, 'dt': 1689708534}]"
"{'lon': 28.0589, 'lat': -26.0545}","[{'main': {'aqi': 4}, 'components': {'co': 767.71, 'no': 0, 'no2': 31.87, 'o3': 51.5, 'so2': 26.46, 'pm2_5': 69.45, 'pm10': 99.52, 'nh3': 6.14}, 'dt': 1689708535}]"
"{'lon': 28.1878, 'lat': -25.7449}","[{'main': {'aqi': 5}, 'components': {'co': 1148.22, 'no': 0.01, 'no2': 26.73, 'o3': 33.98, 'so2': 39.1, 'pm2_5': 98.79, 'pm10': 119.82, 'nh3': 8.36}, 'dt': 1689709110}]"
"{'lon': 28.0436, 'lat': -26.2023}","[{'main': {'aqi': 5}, 'components': {'co': 3578.19, 'no': 14.08, 'no2': 81.57, 'o3': 0.59, 'so2': 123.98, 'pm2_5': 273.04, 'pm10': 332.41, 'nh3': 34.45}, 'dt': 1689709111}]"
"{'lon': 28.1858, 'lat': -25.8589}","[{'main': {'aqi': 5}, 'components': {'co': 814.44, 'no': 0, 'no2': 23.99, 'o3': 38.62, 'so2': 24.56, 'pm2_5': 76.41, 'pm10': 99.31, 'nh3': 6.97}, 'dt': 1689709113}]"
"{'lon': 28.1378, 'lat': -25.9636}","[{'main': {'aqi': 5}, 'components': {'co': 814.44, 'no': 0, 'no2': 23.99, 'o3': 38.62, 'so2': 24.56, 'pm2_5': 76.41, 'pm10': 99.31, 'nh3': 6.97}, 'dt': 1689709114}]"
"{'lon': 28.0589, 'lat': -26.0545}","[{'main': {'aqi': 5}, 'components': {'co': 974.66, 'no': 0.03, 'no2': 40.44, 'o3': 33.26, 'so2': 30.52, 'pm2_5': 82.46, 'pm10': 122.41, 'nh3': 8.11}, 'dt': 1689709115}]"
"{'lon': 28.1878, 'lat': -25.7449}","[{'main': {'aqi': 5}, 'components': {'co': 1148.22, 'no': 0.01, 'no2': 26.73, 'o3': 33.98, 'so2': 39.1, 'pm2_5': 98.79, 'pm10': 119.82, 'nh3': 8.36}, 'dt': 1689709716}]"
"{'lon': 28.0436, 'lat': -26.2023}","[{'main': {'aqi': 5}, 'components': {'co': 3578.19, 'no': 14.08, 'no2': 81.57, 'o3': 0.59, 'so2': 123.98, 'pm2_5': 273.04, 'pm10': 332.41, 'nh3': 34.45}, 'dt': 1689709717}]"
"{'lon': 28.1858, 'lat': -25.8589}","[{'main': {'aqi': 5}, 'components': {'co': 814.44, 'no': 0, 'no2': 23.99, 'o3': 38.62, 'so2': 24.56, 'pm2_5': 76.41, 'pm10': 99.31, 'nh3': 6.97}, 'dt': 1689709718}]"
"{'lon': 28.1378, 'lat': -25.9636}","[{'main': {'aqi': 5}, 'components': {'co': 814.44, 'no': 0, 'no2': 23.99, 'o3': 38.62, 'so2': 24.56, 'pm2_5': 76.41, 'pm10': 99.31, 'nh3': 6.97}, 'dt': 1689709720}]"
"{'lon': 28.0589, 'lat': -26.0545}","[{'main': {'aqi': 5}, 'components': {'co': 974.66, 'no': 0.03, 'no2': 40.44, 'o3': 33.26, 'so2': 30.52, 'pm2_5': 82.46, 'pm10': 122.41, 'nh3': 8.11}, 'dt': 1689709722}]"
"{'lon': 28.1878, 'lat': -25.7449}","[{'main': {'aqi': 5}, 'components': {'co': 1148.22, 'no': 0.01, 'no2': 26.73, 'o3': 33.98, 'so2': 39.1, 'pm2_5': 98.79, 'pm10': 119.82, 'nh3': 8.36}, 'dt': 1689710160}]"
"{'lon': 28.0436, 'lat': -26.2023}","[{'main': {'aqi': 5}, 'components': {'co': 3578.19, 'no': 14.08, 'no2': 81.57, 'o3': 0.59, 'so2': 123.98, 'pm2_5': 273.04, 'pm10': 332.41, 'nh3': 34.45}, 'dt': 1689710161}]"
"{'lon': 28.1858, 'lat': -25.8589}","[{'main': {'aqi': 5}, 'components': {'co': 814.44, 'no': 0, 'no2': 23.99, 'o3': 38.62, 'so2': 24.56, 'pm2_5': 76.41, 'pm10': 99.31, 'nh3': 6.97}, 'dt': 1689710161}]"
"{'lon': 28.1378, 'lat': -25.9636}","[{'main': {'aqi': 5}, 'components': {'co': 814.44, 'no': 0, 'no2': 23.99, 'o3': 38.62, 'so2': 24.56, 'pm2_5': 76.41, 'pm10': 99.31, 'nh3': 6.97}, 'dt': 1689710163}]"
"{'lon': 28.0589, 'lat': -26.0545}","[{'main': {'aqi': 5}, 'components': {'co': 974.66, 'no': 0.03, 'no2': 40.44, 'o3': 33.26, 'so2': 30.52, 'pm2_5': 82.46, 'pm10': 122.41, 'nh3': 8.11}, 'dt': 1689710164}]"
"{'lon': 28.1878, 'lat': -25.7449}","[{'main': {'aqi': 5}, 'components': {'co': 1148.22, 'no': 0.01, 'no2': 26.73, 'o3': 33.98, 'so2': 39.1, 'pm2_5': 98.79, 'pm10': 119.82, 'nh3': 8.36}, 'dt': 1689710766}]"
"{'lon': 28.0436, 'lat': -26.2023}","[{'main': {'aqi': 5}, 'components': {'co': 3578.19, 'no': 14.08, 'no2': 81.57, 'o3': 0.59, 'so2': 123.98, 'pm2_5': 273.04, 'pm10': 332.41, 'nh3': 34.45}, 'dt': 1689710767}]"
"{'lon': 28.1858, 'lat': -25.8589}","[{'main': {'aqi': 5}, 'components': {'co': 814.44, 'no': 0, 'no2': 23.99, 'o3': 38.62, 'so2': 24.56, 'pm2_5': 76.41, 'pm10': 99.31, 'nh3': 6.97}, 'dt': 1689710768}]"
"{'lon': 28.1378, 'lat': -25.9636}","[{'main': {'aqi': 5}, 'components': {'co': 814.44, 'no': 0, 'no2': 23.99, 'o3': 38.62, 'so2': 24.56, 'pm2_5': 76.41, 'pm10': 99.31, 'nh3': 6.97}, 'dt': 1689710769}]"
"{'lon': 28.0589, 'lat': -26.0545}","[{'main': {'aqi': 5}, 'components': {'co': 974.66, 'no': 0.03, 'no2': 40.44, 'o3': 33.26, 'so2': 30.52, 'pm2_5': 82.46, 'pm10': 122.41, 'nh3': 8.11}, 'dt': 1689710770}]"
"{'lon': 28.1878, 'lat': -25.7449}","[{'main': {'aqi': 5}, 'components': {'co': 1148.22, 'no': 0.01, 'no2': 26.73, 'o3': 33.98, 'so2': 39.1, 'pm2_5': 98.79, 'pm10': 119.82, 'nh3': 8.36}, 'dt': 1689710766}]"
"{'lon': 28.0436, 'lat': -26.2023}","[{'main': {'aqi': 5}, 'components': {'co': 3578.19, 'no': 14.08, 'no2': 81.57, 'o3': 0.59, 'so2': 123.98, 'pm2_5': 273.04, 'pm10': 332.41, 'nh3': 34.45}, 'dt': 1689710767}]"
"{'lon': 28.1858, 'lat': -25.8589}","[{'main': {'aqi': 5}, 'components': {'co': 814.44, 'no': 0, 'no2': 23.99, 'o3': 38.62, 'so2': 24.56, 'pm2_5': 76.41, 'pm10': 99.31, 'nh3': 6.97}, 'dt': 1689710768}]"
"{'lon': 28.1378, 'lat': -25.9636}","[{'main': {'aqi': 5}, 'components': {'co': 814.44, 'no': 0, 'no2': 23.99, 'o3': 38.62, 'so2': 24.56, 'pm2_5': 76.41, 'pm10': 99.31, 'nh3': 6.97}, 'dt': 1689710769}]"
"{'lon': 28.0589, 'lat': -26.0545}","[{'main': {'aqi': 5}, 'components': {'co': 974.66, 'no': 0.03, 'no2': 40.44, 'o3': 33.26, 'so2': 30.52, 'pm2_5': 82.46, 'pm10': 122.41, 'nh3': 8.11}, 'dt': 1689710770}]"
"{'lon': 28.1878, 'lat': -25.7449}","[{'main': {'aqi': 5}, 'components': {'co': 1148.22, 'no': 0.01, 'no2': 26.73, 'o3': 33.98, 'so2': 39.1, 'pm2_5': 98.79, 'pm10': 119.82, 'nh3': 8.36}, 'dt': 1689710766}]"
"{'lon': 28.0436, 'lat': -26.2023}","[{'main': {'aqi': 5}, 'components': {'co': 3578.19, 'no': 14.08, 'no2': 81.57, 'o3': 0.59, 'so2': 123.98, 'pm2_5': 273.04, 'pm10': 332.41, 'nh3': 34.45}, 'dt': 1689710767}]"
"{'lon': 28.1858, 'lat': -25.8589}","[{'main': {'aqi': 5}, 'components': {'co': 814.44, 'no': 0, 'no2': 23.99, 'o3': 38.62, 'so2': 24.56, 'pm2_5': 76.41, 'pm10': 99.31, 'nh3': 6.97}, 'dt': 1689710768}]"
"{'lon': 28.1378, 'lat': -25.9636}","[{'main': {'aqi': 5}, 'components': {'co': 814.44, 'no': 0, 'no2': 23.99, 'o3': 38.62, 'so2': 24.56, 'pm2_5': 76.41, 'pm10': 99.31, 'nh3': 6.97}, 'dt': 1689710769}]"
"{'lon': 28.0589, 'lat': -26.0545}","[{'main': {'aqi': 5}, 'components': {'co': 974.66, 'no': 0.03, 'no2': 40.44, 'o3': 33.26, 'so2': 30.52, 'pm2_5': 82.46, 'pm10': 122.41, 'nh3': 8.11}, 'dt': 1689710770}]"
"{'lon': 28.1878, 'lat': -25.7449}","[{'main': {'aqi': 5}, 'components': {'co': 1148.22, 'no': 0.01, 'no2': 26.73, 'o3': 33.98, 'so2': 39.1, 'pm2_5': 98.79, 'pm10': 119.82, 'nh3': 8.36}, 'dt': 1689711881}]"
"{'lon': 28.0436, 'lat': -26.2023}","[{'main': {'aqi': 5}, 'components': {'co': 3578.19, 'no': 14.08, 'no2': 81.57, 'o3': 0.59, 'so2': 123.98, 'pm2_5': 273.04, 'pm10': 332.41, 'nh3': 34.45}, 'dt': 1689711882}]"
"{'lon': 28.1858, 'lat': -25.8589}","[{'main': {'aqi': 5}, 'components': {'co': 814.44, 'no': 0, 'no2': 23.99, 'o3': 38.62, 'so2': 24.56, 'pm2_5': 76.41, 'pm10': 99.31, 'nh3': 6.97}, 'dt': 1689711883}]"
"{'lon': 28.1378, 'lat': -25.9636}","[{'main': {'aqi': 5}, 'components': {'co': 814.44, 'no': 0, 'no2': 23.99, 'o3': 38.62, 'so2': 24.56, 'pm2_5': 76.41, 'pm10': 99.31, 'nh3': 6.97}, 'dt': 1689711884}]"
"{'lon': 28.0589, 'lat': -26.0545}","[{'main': {'aqi': 5}, 'components': {'co': 974.66, 'no': 0.03, 'no2': 40.44, 'o3': 33.26, 'so2': 30.52, 'pm2_5': 82.46, 'pm10': 122.41, 'nh3': 8.11}, 'dt': 1689711885}]"
"{'lon': 28.1878, 'lat': -25.7449}","[{'main': {'aqi': 5}, 'components': {'co': 1255.04, 'no': 0.02, 'no2': 29.47, 'o3': 28.25, 'so2': 37.19, 'pm2_5': 106.14, 'pm10': 128.57, 'nh3': 8.74}, 'dt': 1689712486}]"
"{'lon': 28.0436, 'lat': -26.2023}","[{'main': {'aqi': 5}, 'components': {'co': 3898.62, 'no': 19.89, 'no2': 83.63, 'o3': 0.14, 'so2': 114.44, 'pm2_5': 297.49, 'pm10': 357.32, 'nh3': 34.45}, 'dt': 1689712487}]"
"{'lon': 28.1858, 'lat': -25.8589}","[{'main': {'aqi': 4}, 'components': {'co': 727.65, 'no': 0.01, 'no2': 26.73, 'o3': 30.76, 'so2': 20.74, 'pm2_5': 71.61, 'pm10': 95.55, 'nh3': 6.84}, 'dt': 1689712488}]"
"{'lon': 28.1378, 'lat': -25.9636}","[{'main': {'aqi': 4}, 'components': {'co': 727.65, 'no': 0.01, 'no2': 26.73, 'o3': 30.76, 'so2': 20.74, 'pm2_5': 71.61, 'pm10': 95.55, 'nh3': 6.84}, 'dt': 1689712489}]"
"{'lon': 28.0589, 'lat': -26.0545}","[{'main': {'aqi': 5}, 'components': {'co': 1188.28, 'no': 0.12, 'no2': 47.3, 'o3': 22.89, 'so2': 32.9, 'pm2_5': 96.33, 'pm10': 145.6, 'nh3': 9.37}, 'dt': 1689712490}]"
"{'lon': 28.1878, 'lat': -25.7449}","[{'main': {'aqi': 5}, 'components': {'co': 1255.04, 'no': 0.02, 'no2': 29.47, 'o3': 28.25, 'so2': 37.19, 'pm2_5': 106.14, 'pm10': 128.57, 'nh3': 8.74}, 'dt': 1689713091}]"
"{'lon': 28.0436, 'lat': -26.2023}","[{'main': {'aqi': 5}, 'components': {'co': 3898.62, 'no': 19.89, 'no2': 83.63, 'o3': 0.14, 'so2': 114.44, 'pm2_5': 297.49, 'pm10': 357.32, 'nh3': 34.45}, 'dt': 1689713092}]"
"{'lon': 28.1858, 'lat': -25.8589}","[{'main': {'aqi': 4}, 'components': {'co': 727.65, 'no': 0.01, 'no2': 26.73, 'o3': 30.76, 'so2': 20.74, 'pm2_5': 71.61, 'pm10': 95.55, 'nh3': 6.84}, 'dt': 1689713093}]"
"{'lon': 28.1378, 'lat': -25.9636}","[{'main': {'aqi': 4}, 'components': {'co': 727.65, 'no': 0.01, 'no2': 26.73, 'o3': 30.76, 'so2': 20.74, 'pm2_5': 71.61, 'pm10': 95.55, 'nh3': 6.84}, 'dt': 1689713094}]"
"{'lon': 28.0589, 'lat': -26.0545}","[{'main': {'aqi': 5}, 'components': {'co': 1188.28, 'no': 0.12, 'no2': 47.3, 'o3': 22.89, 'so2': 32.9, 'pm2_5': 96.33, 'pm10': 145.6, 'nh3': 9.37}, 'dt': 1689713095}]"
"{'lon': 28.1878, 'lat': -25.7449}","[{'main': {'aqi': 5}, 'components': {'co': 1255.04, 'no': 0.02, 'no2': 29.47, 'o3': 28.25, 'so2': 37.19, 'pm2_5': 106.14, 'pm10': 128.57, 'nh3': 8.74}, 'dt': 1689713696}]"
"{'lon': 28.0436, 'lat': -26.2023}","[{'main': {'aqi': 5}, 'components': {'co': 3898.62, 'no': 19.89, 'no2': 83.63, 'o3': 0.14, 'so2': 114.44, 'pm2_5': 297.49, 'pm10': 357.32, 'nh3': 34.45}, 'dt': 1689713697}]"
"{'lon': 28.1858, 'lat': -25.8589}","[{'main': {'aqi': 4}, 'components': {'co': 727.65, 'no': 0.01, 'no2': 26.73, 'o3': 30.76, 'so2': 20.74, 'pm2_5': 71.61, 'pm10': 95.55, 'nh3': 6.84}, 'dt': 1689713699}]"
"{'lon': 28.1378, 'lat': -25.9636}","[{'main': {'aqi': 4}, 'components': {'co': 727.65, 'no': 0.01, 'no2': 26.73, 'o3': 30.76, 'so2': 20.74, 'pm2_5': 71.61, 'pm10': 95.55, 'nh3': 6.84}, 'dt': 1689713700}]"
"{'lon': 28.0589, 'lat': -26.0545}","[{'main': {'aqi': 5}, 'components': {'co': 1188.28, 'no': 0.12, 'no2': 47.3, 'o3': 22.89, 'so2': 32.9, 'pm2_5': 96.33, 'pm10': 145.6, 'nh3': 9.37}, 'dt': 1689713701}]"
"{'lon': 28.1878, 'lat': -25.7449}","[{'main': {'aqi': 5}, 'components': {'co': 1255.04, 'no': 0.02, 'no2': 29.47, 'o3': 28.25, 'so2': 37.19, 'pm2_5': 106.14, 'pm10': 128.57, 'nh3': 8.74}, 'dt': 1689714302}]"
"{'lon': 28.0436, 'lat': -26.2023}","[{'main': {'aqi': 5}, 'components': {'co': 3898.62, 'no': 19.89, 'no2': 83.63, 'o3': 0.14, 'so2': 114.44, 'pm2_5': 297.49, 'pm10': 357.32, 'nh3': 34.45}, 'dt': 1689714303}]"
"{'lon': 28.1858, 'lat': -25.8589}","[{'main': {'aqi': 4}, 'components': {'co': 727.65, 'no': 0.01, 'no2': 26.73, 'o3': 30.76, 'so2': 20.74, 'pm2_5': 71.61, 'pm10': 95.55, 'nh3': 6.84}, 'dt': 1689714304}]"
"{'lon': 28.1378, 'lat': -25.9636}","[{'main': {'aqi': 4}, 'components': {'co': 727.65, 'no': 0.01, 'no2': 26.73, 'o3': 30.76, 'so2': 20.74, 'pm2_5': 71.61, 'pm10': 95.55, 'nh3': 6.84}, 'dt': 1689714305}]"
"{'lon': 28.0589, 'lat': -26.0545}","[{'main': {'aqi': 5}, 'components': {'co': 1188.28, 'no': 0.12, 'no2': 47.3, 'o3': 22.89, 'so2': 32.9, 'pm2_5': 96.33, 'pm10': 145.6, 'nh3': 9.37}, 'dt': 1689714306}]"
"{'lon': 28.1878, 'lat': -25.7449}","[{'main': {'aqi': 5}, 'components': {'co': 1255.04, 'no': 0.02, 'no2': 29.47, 'o3': 28.25, 'so2': 37.19, 'pm2_5': 106.14, 'pm10': 128.57, 'nh3': 8.74}, 'dt': 1689714907}]"
"{'lon': 28.0436, 'lat': -26.2023}","[{'main': {'aqi': 5}, 'components': {'co': 3898.62, 'no': 19.89, 'no2': 83.63, 'o3': 0.14, 'so2': 114.44, 'pm2_5': 297.49, 'pm10': 357.32, 'nh3': 34.45}, 'dt': 1689714909}]"
"{'lon': 28.1858, 'lat': -25.8589}","[{'main': {'aqi': 4}, 'components': {'co': 727.65, 'no': 0.01, 'no2': 26.73, 'o3': 30.76, 'so2': 20.74, 'pm2_5': 71.61, 'pm10': 95.55, 'nh3': 6.84}, 'dt': 1689714910}]"
"{'lon': 28.1378, 'lat': -25.9636}","[{'main': {'aqi': 4}, 'components': {'co': 727.65, 'no': 0.01, 'no2': 26.73, 'o3': 30.76, 'so2': 20.74, 'pm2_5': 71.61, 'pm10': 95.55, 'nh3': 6.84}, 'dt': 1689714911}]"
"{'lon': 28.0589, 'lat': -26.0545}","[{'main': {'aqi': 5}, 'components': {'co': 1188.28, 'no': 0.12, 'no2': 47.3, 'o3': 22.89, 'so2': 32.9, 'pm2_5': 96.33, 'pm10': 145.6, 'nh3': 9.37}, 'dt': 1689714912}]"
"{'lon': 28.1878, 'lat': -25.7449}","[{'main': {'aqi': 5}, 'components': {'co': 1255.04, 'no': 0.02, 'no2': 29.47, 'o3': 28.25, 'so2': 37.19, 'pm2_5': 106.14, 'pm10': 128.57, 'nh3': 8.74}, 'dt': 1689715513}]"
"{'lon': 28.0436, 'lat': -26.2023}","[{'main': {'aqi': 5}, 'components': {'co': 3898.62, 'no': 19.89, 'no2': 83.63, 'o3': 0.14, 'so2': 114.44, 'pm2_5': 297.49, 'pm10': 357.32, 'nh3': 34.45}, 'dt': 1689715514}]"
"{'lon': 28.1858, 'lat': -25.8589}","[{'main': {'aqi': 4}, 'components': {'co': 727.65, 'no': 0.01, 'no2': 26.73, 'o3': 30.76, 'so2': 20.74, 'pm2_5': 71.61, 'pm10': 95.55, 'nh3': 6.84}, 'dt': 1689715515}]"
"{'lon': 28.1378, 'lat': -25.9636}","[{'main': {'aqi': 4}, 'components': {'co': 727.65, 'no': 0.01, 'no2': 26.73, 'o3': 30.76, 'so2': 20.74, 'pm2_5': 71.61, 'pm10': 95.55, 'nh3': 6.84}, 'dt': 1689715516}]"
"{'lon': 28.0589, 'lat': -26.0545}","[{'main': {'aqi': 5}, 'components': {'co': 1188.28, 'no': 0.12, 'no2': 47.3, 'o3': 22.89, 'so2': 32.9, 'pm2_5': 96.33, 'pm10': 145.6, 'nh3': 9.37}, 'dt': 1689715517}]"
"{'lon': 28.1878, 'lat': -25.7449}","[{'main': {'aqi': 5}, 'components': {'co': 1161.58, 'no': 0.01, 'no2': 27.76, 'o3': 26.11, 'so2': 28.13, 'pm2_5': 99.59, 'pm10': 120.45, 'nh3': 7.47}, 'dt': 1689716118}]"
"{'lon': 28.0436, 'lat': -26.2023}","[{'main': {'aqi': 5}, 'components': {'co': 3257.75, 'no': 12.18, 'no2': 80.2, 'o3': 0.78, 'so2': 76.29, 'pm2_5': 243.91, 'pm10': 294.45, 'nh3': 25.08}, 'dt': 1689716119}]"
"{'lon': 28.1858, 'lat': -25.8589}","[{'main': {'aqi': 4}, 'components': {'co': 620.84, 'no': 0.01, 'no2': 28.79, 'o3': 27.9, 'so2': 15.97, 'pm2_5': 64.07, 'pm10': 86.91, 'nh3': 6.33}, 'dt': 1689716122}]"
"{'lon': 28.1378, 'lat': -25.9636}","[{'main': {'aqi': 4}, 'components': {'co': 620.84, 'no': 0.01, 'no2': 28.79, 'o3': 27.9, 'so2': 15.97, 'pm2_5': 64.07, 'pm10': 86.91, 'nh3': 6.33}, 'dt': 1689716123}]"
"{'lon': 28.0589, 'lat': -26.0545}","[{'main': {'aqi': 5}, 'components': {'co': 1268.39, 'no': 0.09, 'no2': 45.93, 'o3': 21.28, 'so2': 27.66, 'pm2_5': 98.64, 'pm10': 148.43, 'nh3': 8.61}, 'dt': 1689716124}]"
"{'lon': 28.1878, 'lat': -25.7449}","[{'main': {'aqi': 5}, 'components': {'co': 1161.58, 'no': 0.01, 'no2': 27.76, 'o3': 26.11, 'so2': 28.13, 'pm2_5': 99.59, 'pm10': 120.45, 'nh3': 7.47}, 'dt': 1689716725}]"
"{'lon': 28.0436, 'lat': -26.2023}","[{'main': {'aqi': 5}, 'components': {'co': 3257.75, 'no': 12.18, 'no2': 80.2, 'o3': 0.78, 'so2': 76.29, 'pm2_5': 243.91, 'pm10': 294.45, 'nh3': 25.08}, 'dt': 1689716727}]"
"{'lon': 28.1858, 'lat': -25.8589}","[{'main': {'aqi': 4}, 'components': {'co': 620.84, 'no': 0.01, 'no2': 28.79, 'o3': 27.9, 'so2': 15.97, 'pm2_5': 64.07, 'pm10': 86.91, 'nh3': 6.33}, 'dt': 1689716728}]"
"{'lon': 28.1378, 'lat': -25.9636}","[{'main': {'aqi': 4}, 'components': {'co': 620.84, 'no': 0.01, 'no2': 28.79, 'o3': 27.9, 'so2': 15.97, 'pm2_5': 64.07, 'pm10': 86.91, 'nh3': 6.33}, 'dt': 1689716729}]"
"{'lon': 28.0589, 'lat': -26.0545}","[{'main': {'aqi': 5}, 'components': {'co': 1268.39, 'no': 0.09, 'no2': 45.93, 'o3': 21.28, 'so2': 27.66, 'pm2_5': 98.64, 'pm10': 148.43, 'nh3': 8.61}, 'dt': 1689716730}]"
"{'lon': 28.1878, 'lat': -25.7449}","[{'main': {'aqi': 5}, 'components': {'co': 1161.58, 'no': 0.01, 'no2': 27.76, 'o3': 26.11, 'so2': 28.13, 'pm2_5': 99.59, 'pm10': 120.45, 'nh3': 7.47}, 'dt': 1689717331}]"
"{'lon': 28.0436, 'lat': -26.2023}","[{'main': {'aqi': 5}, 'components': {'co': 3257.75, 'no': 12.18, 'no2': 80.2, 'o3': 0.78, 'so2': 76.29, 'pm2_5': 243.91, 'pm10': 294.45, 'nh3': 25.08}, 'dt': 1689717332}]"
"{'lon': 28.1858, 'lat': -25.8589}","[{'main': {'aqi': 4}, 'components': {'co': 620.84, 'no': 0.01, 'no2': 28.79, 'o3': 27.9, 'so2': 15.97, 'pm2_5': 64.07, 'pm10': 86.91, 'nh3': 6.33}, 'dt': 1689717334}]"
"{'lon': 28.1378, 'lat': -25.9636}","[{'main': {'aqi': 4}, 'components': {'co': 620.84, 'no': 0.01, 'no2': 28.79, 'o3': 27.9, 'so2': 15.97, 'pm2_5': 64.07, 'pm10': 86.91, 'nh3': 6.33}, 'dt': 1689717336}]"
"{'lon': 28.0589, 'lat': -26.0545}","[{'main': {'aqi': 5}, 'components': {'co': 1268.39, 'no': 0.09, 'no2': 45.93, 'o3': 21.28, 'so2': 27.66, 'pm2_5': 98.64, 'pm10': 148.43, 'nh3': 8.61}, 'dt': 1689717337}]"
"{'lon': 28.1878, 'lat': -25.7449}","[{'main': {'aqi': 5}, 'components': {'co': 1161.58, 'no': 0.01, 'no2': 27.76, 'o3': 26.11, 'so2': 28.13, 'pm2_5': 99.59, 'pm10': 120.45, 'nh3': 7.47}, 'dt': 1689718163}]"
"{'lon': 28.0436, 'lat': -26.2023}","[{'main': {'aqi': 5}, 'components': {'co': 3257.75, 'no': 12.18, 'no2': 80.2, 'o3': 0.78, 'so2': 76.29, 'pm2_5': 243.91, 'pm10': 294.45, 'nh3': 25.08}, 'dt': 1689718164}]"
"{'lon': 28.1858, 'lat': -25.8589}","[{'main': {'aqi': 4}, 'components': {'co': 620.84, 'no': 0.01, 'no2': 28.79, 'o3': 27.9, 'so2': 15.97, 'pm2_5': 64.07, 'pm10': 86.91, 'nh3': 6.33}, 'dt': 1689718165}]"
"{'lon': 28.1378, 'lat': -25.9636}","[{'main': {'aqi': 4}, 'components': {'co': 620.84, 'no': 0.01, 'no2': 28.79, 'o3': 27.9, 'so2': 15.97, 'pm2_5': 64.07, 'pm10': 86.91, 'nh3': 6.33}, 'dt': 1689718166}]"
"{'lon': 28.0589, 'lat': -26.0545}","[{'main': {'aqi': 5}, 'components': {'co': 1268.39, 'no': 0.09, 'no2': 45.93, 'o3': 21.28, 'so2': 27.66, 'pm2_5': 98.64, 'pm10': 148.43, 'nh3': 8.61}, 'dt': 1689718167}]"
"{'lon': 28.1878, 'lat': -25.7449}","[{'main': {'aqi': 5}, 'components': {'co': 1161.58, 'no': 0.01, 'no2': 27.76, 'o3': 26.11, 'so2': 28.13, 'pm2_5': 99.59, 'pm10': 120.45, 'nh3': 7.47}, 'dt': 1689718768}]"
"{'lon': 28.0436, 'lat': -26.2023}","[{'main': {'aqi': 5}, 'components': {'co': 3257.75, 'no': 12.18, 'no2': 80.2, 'o3': 0.78, 'so2': 76.29, 'pm2_5': 243.91, 'pm10': 294.45, 'nh3': 25.08}, 'dt': 1689718768}]"
"{'lon': 28.1858, 'lat': -25.8589}","[{'main': {'aqi': 4}, 'components': {'co': 620.84, 'no': 0.01, 'no2': 28.79, 'o3': 27.9, 'so2': 15.97, 'pm2_5': 64.07, 'pm10': 86.91, 'nh3': 6.33}, 'dt': 1689718769}]"
"{'lon': 28.1378, 'lat': -25.9636}","[{'main': {'aqi': 4}, 'components': {'co': 620.84, 'no': 0.01, 'no2': 28.79, 'o3': 27.9, 'so2': 15.97, 'pm2_5': 64.07, 'pm10': 86.91, 'nh3': 6.33}, 'dt': 1689718771}]"
"{'lon': 28.0589, 'lat': -26.0545}","[{'main': {'aqi': 5}, 'components': {'co': 1268.39, 'no': 0.09, 'no2': 45.93, 'o3': 21.28, 'so2': 27.66, 'pm2_5': 98.64, 'pm10': 148.43, 'nh3': 8.61}, 'dt': 1689718771}]"
"{'lon': 28.1878, 'lat': -25.7449}","[{'main': {'aqi': 5}, 'components': {'co': 1161.58, 'no': 0.01, 'no2': 27.76, 'o3': 26.11, 'so2': 28.13, 'pm2_5': 99.59, 'pm10': 120.45, 'nh3': 7.47}, 'dt': 1689718768}]"
"{'lon': 28.0436, 'lat': -26.2023}","[{'main': {'aqi': 5}, 'components': {'co': 3257.75, 'no': 12.18, 'no2': 80.2, 'o3': 0.78, 'so2': 76.29, 'pm2_5': 243.91, 'pm10': 294.45, 'nh3': 25.08}, 'dt': 1689718768}]"
"{'lon': 28.1858, 'lat': -25.8589}","[{'main': {'aqi': 4}, 'components': {'co': 620.84, 'no': 0.01, 'no2': 28.79, 'o3': 27.9, 'so2': 15.97, 'pm2_5': 64.07, 'pm10': 86.91, 'nh3': 6.33}, 'dt': 1689718769}]"
"{'lon': 28.1378, 'lat': -25.9636}","[{'main': {'aqi': 4}, 'components': {'co': 620.84, 'no': 0.01, 'no2': 28.79, 'o3': 27.9, 'so2': 15.97, 'pm2_5': 64.07, 'pm10': 86.91, 'nh3': 6.33}, 'dt': 1689718771}]"
"{'lon': 28.0589, 'lat': -26.0545}","[{'main': {'aqi': 5}, 'components': {'co': 1268.39, 'no': 0.09, 'no2': 45.93, 'o3': 21.28, 'so2': 27.66, 'pm2_5': 98.64, 'pm10': 148.43, 'nh3': 8.61}, 'dt': 1689718771}]"
"{'lon': 28.1878, 'lat': -25.7449}","[{'main': {'aqi': 5}, 'components': {'co': 1001.36, 'no': 0.01, 'no2': 25.71, 'o3': 27.18, 'so2': 22.89, 'pm2_5': 89.77, 'pm10': 109.41, 'nh3': 6.97}, 'dt': 1689719654}]"
"{'lon': 28.0436, 'lat': -26.2023}","[{'main': {'aqi': 5}, 'components': {'co': 2376.56, 'no': 2.35, 'no2': 67.17, 'o3': 6.97, 'so2': 51.02, 'pm2_5': 171.77, 'pm10': 212.59, 'nh3': 16.97}, 'dt': 1689719655}]"
"{'lon': 28.1858, 'lat': -25.8589}","[{'main': {'aqi': 4}, 'components': {'co': 614.17, 'no': 0.01, 'no2': 29.47, 'o3': 27.9, 'so2': 12.99, 'pm2_5': 61.76, 'pm10': 84.94, 'nh3': 6.33}, 'dt': 1689719658}]"
"{'lon': 28.1378, 'lat': -25.9636}","[{'main': {'aqi': 4}, 'components': {'co': 614.17, 'no': 0.01, 'no2': 29.47, 'o3': 27.9, 'so2': 12.99, 'pm2_5': 61.76, 'pm10': 84.94, 'nh3': 6.33}, 'dt': 1689719659}]"
"{'lon': 28.0589, 'lat': -26.0545}","[{'main': {'aqi': 5}, 'components': {'co': 1214.98, 'no': 0.03, 'no2': 38.39, 'o3': 24.68, 'so2': 20.98, 'pm2_5': 93.26, 'pm10': 138.91, 'nh3': 7.22}, 'dt': 1689719660}]"
"{'lon': 28.1878, 'lat': -25.7449}","[{'main': {'aqi': 5}, 'components': {'co': 1001.36, 'no': 0.01, 'no2': 25.71, 'o3': 27.18, 'so2': 22.89, 'pm2_5': 89.77, 'pm10': 109.41, 'nh3': 6.97}, 'dt': 1689720261}]"
"{'lon': 28.0436, 'lat': -26.2023}","[{'main': {'aqi': 5}, 'components': {'co': 2376.56, 'no': 2.35, 'no2': 67.17, 'o3': 6.97, 'so2': 51.02, 'pm2_5': 171.77, 'pm10': 212.59, 'nh3': 16.97}, 'dt': 1689720262}]"
"{'lon': 28.1858, 'lat': -25.8589}","[{'main': {'aqi': 4}, 'components': {'co': 614.17, 'no': 0.01, 'no2': 29.47, 'o3': 27.9, 'so2': 12.99, 'pm2_5': 61.76, 'pm10': 84.94, 'nh3': 6.33}, 'dt': 1689720263}]"
"{'lon': 28.1378, 'lat': -25.9636}","[{'main': {'aqi': 4}, 'components': {'co': 614.17, 'no': 0.01, 'no2': 29.47, 'o3': 27.9, 'so2': 12.99, 'pm2_5': 61.76, 'pm10': 84.94, 'nh3': 6.33}, 'dt': 1689720264}]"
"{'lon': 28.0589, 'lat': -26.0545}","[{'main': {'aqi': 5}, 'components': {'co': 1214.98, 'no': 0.03, 'no2': 38.39, 'o3': 24.68, 'so2': 20.98, 'pm2_5': 93.26, 'pm10': 138.91, 'nh3': 7.22}, 'dt': 1689720265}]"
"{'lon': 28.1878, 'lat': -25.7449}","[{'main': {'aqi': 5}, 'components': {'co': 1001.36, 'no': 0.01, 'no2': 25.71, 'o3': 27.18, 'so2': 22.89, 'pm2_5': 89.77, 'pm10': 109.41, 'nh3': 6.97}, 'dt': 1689720866}]"
"{'lon': 28.0416, 'lat': -26.2044}","[{'main': {'aqi': 5}, 'components': {'co': 2376.56, 'no': 2.35, 'no2': 67.17, 'o3': 6.97, 'so2': 51.02, 'pm2_5': 171.77, 'pm10': 212.59, 'nh3': 16.97}, 'dt': 1689720315}]"
"{'lon': 28.1858, 'lat': -25.8589}","[{'main': {'aqi': 4}, 'components': {'co': 614.17, 'no': 0.01, 'no2': 29.47, 'o3': 27.9, 'so2': 12.99, 'pm2_5': 61.76, 'pm10': 84.94, 'nh3': 6.33}, 'dt': 1689720868}]"
"{'lon': 28.1378, 'lat': -25.9636}","[{'main': {'aqi': 4}, 'components': {'co': 614.17, 'no': 0.01, 'no2': 29.47, 'o3': 27.9, 'so2': 12.99, 'pm2_5': 61.76, 'pm10': 84.94, 'nh3': 6.33}, 'dt': 1689720869}]"
"{'lon': 28.0589, 'lat': -26.0545}","[{'main': {'aqi': 5}, 'components': {'co': 1214.98, 'no': 0.03, 'no2': 38.39, 'o3': 24.68, 'so2': 20.98, 'pm2_5': 93.26, 'pm10': 138.91, 'nh3': 7.22}, 'dt': 1689720870}]"
"{'lon': 28.1878, 'lat': -25.7449}","[{'main': {'aqi': 5}, 'components': {'co': 1001.36, 'no': 0.01, 'no2': 25.71, 'o3': 27.18, 'so2': 22.89, 'pm2_5': 89.77, 'pm10': 109.41, 'nh3': 6.97}, 'dt': 1689721527}]"
"{'lon': 28.0436, 'lat': -26.2023}","[{'main': {'aqi': 5}, 'components': {'co': 2376.56, 'no': 2.35, 'no2': 67.17, 'o3': 6.97, 'so2': 51.02, 'pm2_5': 171.77, 'pm10': 212.59, 'nh3': 16.97}, 'dt': 1689721528}]"
"{'lon': 28.1858, 'lat': -25.8589}","[{'main': {'aqi': 4}, 'components': {'co': 614.17, 'no': 0.01, 'no2': 29.47, 'o3': 27.9, 'so2': 12.99, 'pm2_5': 61.76, 'pm10': 84.94, 'nh3': 6.33}, 'dt': 1689721529}]"
"{'lon': 28.1378, 'lat': -25.9636}","[{'main': {'aqi': 4}, 'components': {'co': 614.17, 'no': 0.01, 'no2': 29.47, 'o3': 27.9, 'so2': 12.99, 'pm2_5': 61.76, 'pm10': 84.94, 'nh3': 6.33}, 'dt': 1689721530}]"
"{'lon': 28.0589, 'lat': -26.0545}","[{'main': {'aqi': 5}, 'components': {'co': 1214.98, 'no': 0.03, 'no2': 38.39, 'o3': 24.68, 'so2': 20.98, 'pm2_5': 93.26, 'pm10': 138.91, 'nh3': 7.22}, 'dt': 1689721531}]"
"{'lon': 28.1878, 'lat': -25.7449}","[{'main': {'aqi': 5}, 'components': {'co': 1001.36, 'no': 0.01, 'no2': 25.71, 'o3': 27.18, 'so2': 22.89, 'pm2_5': 89.77, 'pm10': 109.41, 'nh3': 6.97}, 'dt': 1689721904}]"
"{'lon': 28.0436, 'lat': -26.2023}","[{'main': {'aqi': 5}, 'components': {'co': 2376.56, 'no': 2.35, 'no2': 67.17, 'o3': 6.97, 'so2': 51.02, 'pm2_5': 171.77, 'pm10': 212.59, 'nh3': 16.97}, 'dt': 1689721905}]"
"{'lon': 28.1858, 'lat': -25.8589}","[{'main': {'aqi': 4}, 'components': {'co': 614.17, 'no': 0.01, 'no2': 29.47, 'o3': 27.9, 'so2': 12.99, 'pm2_5': 61.76, 'pm10': 84.94, 'nh3': 6.33}, 'dt': 1689721906}]"
"{'lon': 28.1378, 'lat': -25.9636}","[{'main': {'aqi': 4}, 'components': {'co': 614.17, 'no': 0.01, 'no2': 29.47, 'o3': 27.9, 'so2': 12.99, 'pm2_5': 61.76, 'pm10': 84.94, 'nh3': 6.33}, 'dt': 1689721907}]"
"{'lon': 28.0589, 'lat': -26.0545}","[{'main': {'aqi': 5}, 'components': {'co': 1214.98, 'no': 0.03, 'no2': 38.39, 'o3': 24.68, 'so2': 20.98, 'pm2_5': 93.26, 'pm10': 138.91, 'nh3': 7.22}, 'dt': 1689721909}]"
"{'lon': 28.1878, 'lat': -25.7449}","[{'main': {'aqi': 5}, 'components': {'co': 2964.02, 'no': 13.41, 'no2': 55.52, 'o3': 75.82, 'so2': 52.45, 'pm2_5': 280.49, 'pm10': 329.8, 'nh3': 12.29}, 'dt': 1689753652}]"
"{'lon': 28.0436, 'lat': -26.2023}","[{'main': {'aqi': 5}, 'components': {'co': 3311.16, 'no': 27.05, 'no2': 95.96, 'o3': 69.38, 'so2': 165.94, 'pm2_5': 277.08, 'pm10': 330.16, 'nh3': 29.64}, 'dt': 1689753653}]"
"{'lon': 28.1858, 'lat': -25.8589}","[{'main': {'aqi': 5}, 'components': {'co': 1949.31, 'no': 13.08, 'no2': 51.41, 'o3': 74.39, 'so2': 33.85, 'pm2_5': 174.79, 'pm10': 219.9, 'nh3': 8.99}, 'dt': 1689753654}]"
"{'lon': 28.1378, 'lat': -25.9636}","[{'main': {'aqi': 5}, 'components': {'co': 1949.31, 'no': 13.08, 'no2': 51.41, 'o3': 74.39, 'so2': 33.85, 'pm2_5': 174.79, 'pm10': 219.9, 'nh3': 8.99}, 'dt': 1689753654}]"
"{'lon': 28.0589, 'lat': -26.0545}","[{'main': {'aqi': 5}, 'components': {'co': 3578.19, 'no': 26.38, 'no2': 105.56, 'o3': 79.39, 'so2': 115.4, 'pm2_5': 330.92, 'pm10': 390.76, 'nh3': 22.04}, 'dt': 1689753655}]"
"{'lon': 28.1878, 'lat': -25.7449}","[{'main': {'aqi': 5}, 'components': {'co': 2964.02, 'no': 13.41, 'no2': 55.52, 'o3': 75.82, 'so2': 52.45, 'pm2_5': 280.49, 'pm10': 329.8, 'nh3': 12.29}, 'dt': 1689754256}]"
"{'lon': 28.0436, 'lat': -26.2023}","[{'main': {'aqi': 5}, 'components': {'co': 3311.16, 'no': 27.05, 'no2': 95.96, 'o3': 69.38, 'so2': 165.94, 'pm2_5': 277.08, 'pm10': 330.16, 'nh3': 29.64}, 'dt': 1689754257}]"
"{'lon': 28.1858, 'lat': -25.8589}","[{'main': {'aqi': 5}, 'components': {'co': 1949.31, 'no': 13.08, 'no2': 51.41, 'o3': 74.39, 'so2': 33.85, 'pm2_5': 174.79, 'pm10': 219.9, 'nh3': 8.99}, 'dt': 1689754258}]"
"{'lon': 28.1378, 'lat': -25.9636}","[{'main': {'aqi': 5}, 'components': {'co': 1949.31, 'no': 13.08, 'no2': 51.41, 'o3': 74.39, 'so2': 33.85, 'pm2_5': 174.79, 'pm10': 219.9, 'nh3': 8.99}, 'dt': 1689754259}]"
"{'lon': 28.0589, 'lat': -26.0545}","[{'main': {'aqi': 5}, 'components': {'co': 3578.19, 'no': 26.38, 'no2': 105.56, 'o3': 79.39, 'so2': 115.4, 'pm2_5': 330.92, 'pm10': 390.76, 'nh3': 22.04}, 'dt': 1689754260}]"
"{'lon': 28.1878, 'lat': -25.7449}","[{'main': {'aqi': 5}, 'components': {'co': 2964.02, 'no': 13.41, 'no2': 55.52, 'o3': 75.82, 'so2': 52.45, 'pm2_5': 280.49, 'pm10': 329.8, 'nh3': 12.29}, 'dt': 1689754861}]"
"{'lon': 28.0436, 'lat': -26.2023}","[{'main': {'aqi': 5}, 'components': {'co': 3311.16, 'no': 27.05, 'no2': 95.96, 'o3': 69.38, 'so2': 165.94, 'pm2_5': 277.08, 'pm10': 330.16, 'nh3': 29.64}, 'dt': 1689754862}]"
"{'lon': 28.1858, 'lat': -25.8589}","[{'main': {'aqi': 5}, 'components': {'co': 1949.31, 'no': 13.08, 'no2': 51.41, 'o3': 74.39, 'so2': 33.85, 'pm2_5': 174.79, 'pm10': 219.9, 'nh3': 8.99}, 'dt': 1689754863}]"
"{'lon': 28.1378, 'lat': -25.9636}","[{'main': {'aqi': 5}, 'components': {'co': 1949.31, 'no': 13.08, 'no2': 51.41, 'o3': 74.39, 'so2': 33.85, 'pm2_5': 174.79, 'pm10': 219.9, 'nh3': 8.99}, 'dt': 1689754864}]"
"{'lon': 28.0589, 'lat': -26.0545}","[{'main': {'aqi': 5}, 'components': {'co': 3578.19, 'no': 26.38, 'no2': 105.56, 'o3': 79.39, 'so2': 115.4, 'pm2_5': 330.92, 'pm10': 390.76, 'nh3': 22.04}, 'dt': 1689754865}]"
"{'lon': 28.1878, 'lat': -25.7449}","[{'main': {'aqi': 5}, 'components': {'co': 2723.69, 'no': 5.2, 'no2': 38.39, 'o3': 153.07, 'so2': 53.88, 'pm2_5': 320.08, 'pm10': 364.54, 'nh3': 8.74}, 'dt': 1689755466}]"
"{'lon': 28.0436, 'lat': -26.2023}","[{'main': {'aqi': 5}, 'components': {'co': 2616.88, 'no': 13.3, 'no2': 71.29, 'o3': 124.45, 'so2': 154.5, 'pm2_5': 242.43, 'pm10': 297.26, 'nh3': 21.03}, 'dt': 1689755467}]"
"{'lon': 28.1858, 'lat': -25.8589}","[{'main': {'aqi': 5}, 'components': {'co': 2136.23, 'no': 7.26, 'no2': 50.72, 'o3': 157.36, 'so2': 40.05, 'pm2_5': 245.23, 'pm10': 292.54, 'nh3': 6.65}, 'dt': 1689755469}]"
"{'lon': 28.1378, 'lat': -25.9636}","[{'main': {'aqi': 5}, 'components': {'co': 2136.23, 'no': 7.26, 'no2': 50.72, 'o3': 157.36, 'so2': 40.05, 'pm2_5': 245.23, 'pm10': 292.54, 'nh3': 6.65}, 'dt': 1689755471}]"
"{'lon': 28.0589, 'lat': -26.0545}","[{'main': {'aqi': 5}, 'components': {'co': 3845.22, 'no': 13.41, 'no2': 100.08, 'o3': 174.52, 'so2': 150.68, 'pm2_5': 440.72, 'pm10': 503.42, 'nh3': 19.25}, 'dt': 1689755474}]"
"{'lon': 28.1878, 'lat': -25.7449}","[{'main': {'aqi': 5}, 'components': {'co': 2723.69, 'no': 5.2, 'no2': 38.39, 'o3': 153.07, 'so2': 53.88, 'pm2_5': 320.08, 'pm10': 364.54, 'nh3': 8.74}, 'dt': 1689756077}]"
"{'lon': 28.0436, 'lat': -26.2023}","[{'main': {'aqi': 5}, 'components': {'co': 2616.88, 'no': 13.3, 'no2': 71.29, 'o3': 124.45, 'so2': 154.5, 'pm2_5': 242.43, 'pm10': 297.26, 'nh3': 21.03}, 'dt': 1689756079}]"
"{'lon': 28.1858, 'lat': -25.8589}","[{'main': {'aqi': 5}, 'components': {'co': 2136.23, 'no': 7.26, 'no2': 50.72, 'o3': 157.36, 'so2': 40.05, 'pm2_5': 245.23, 'pm10': 292.54, 'nh3': 6.65}, 'dt': 1689756081}]"
"{'lon': 28.1378, 'lat': -25.9636}","[{'main': {'aqi': 5}, 'components': {'co': 2136.23, 'no': 7.26, 'no2': 50.72, 'o3': 157.36, 'so2': 40.05, 'pm2_5': 245.23, 'pm10': 292.54, 'nh3': 6.65}, 'dt': 1689756082}]"
"{'lon': 28.0589, 'lat': -26.0545}","[{'main': {'aqi': 5}, 'components': {'co': 3845.22, 'no': 13.41, 'no2': 100.08, 'o3': 174.52, 'so2': 150.68, 'pm2_5': 440.72, 'pm10': 503.42, 'nh3': 19.25}, 'dt': 1689756084}]"
"{'lon': 28.1878, 'lat': -25.7449}","[{'main': {'aqi': 5}, 'components': {'co': 2723.69, 'no': 5.2, 'no2': 38.39, 'o3': 153.07, 'so2': 53.88, 'pm2_5': 320.08, 'pm10': 364.54, 'nh3': 8.74}, 'dt': 1689756685}]"
"{'lon': 28.0436, 'lat': -26.2023}","[{'main': {'aqi': 5}, 'components': {'co': 2616.88, 'no': 13.3, 'no2': 71.29, 'o3': 124.45, 'so2': 154.5, 'pm2_5': 242.43, 'pm10': 297.26, 'nh3': 21.03}, 'dt': 1689756687}]"
"{'lon': 28.1858, 'lat': -25.8589}","[{'main': {'aqi': 5}, 'components': {'co': 2136.23, 'no': 7.26, 'no2': 50.72, 'o3': 157.36, 'so2': 40.05, 'pm2_5': 245.23, 'pm10': 292.54, 'nh3': 6.65}, 'dt': 1689756689}]"
"{'lon': 28.1378, 'lat': -25.9636}","[{'main': {'aqi': 5}, 'components': {'co': 2136.23, 'no': 7.26, 'no2': 50.72, 'o3': 157.36, 'so2': 40.05, 'pm2_5': 245.23, 'pm10': 292.54, 'nh3': 6.65}, 'dt': 1689756690}]"
"{'lon': 28.0589, 'lat': -26.0545}","[{'main': {'aqi': 5}, 'components': {'co': 3845.22, 'no': 13.41, 'no2': 100.08, 'o3': 174.52, 'so2': 150.68, 'pm2_5': 440.72, 'pm10': 503.42, 'nh3': 19.25}, 'dt': 1689756691}]"
"{'lon': 28.1878, 'lat': -25.7449}","[{'main': {'aqi': 5}, 'components': {'co': 2723.69, 'no': 5.2, 'no2': 38.39, 'o3': 153.07, 'so2': 53.88, 'pm2_5': 320.08, 'pm10': 364.54, 'nh3': 8.74}, 'dt': 1689757292}]"
"{'lon': 28.0436, 'lat': -26.2023}","[{'main': {'aqi': 5}, 'components': {'co': 2616.88, 'no': 13.3, 'no2': 71.29, 'o3': 124.45, 'so2': 154.5, 'pm2_5': 242.43, 'pm10': 297.26, 'nh3': 21.03}, 'dt': 1689757293}]"
"{'lon': 28.1858, 'lat': -25.8589}","[{'main': {'aqi': 5}, 'components': {'co': 2136.23, 'no': 7.26, 'no2': 50.72, 'o3': 157.36, 'so2': 40.05, 'pm2_5': 245.23, 'pm10': 292.54, 'nh3': 6.65}, 'dt': 1689757294}]"
"{'lon': 28.1378, 'lat': -25.9636}","[{'main': {'aqi': 5}, 'components': {'co': 2136.23, 'no': 7.26, 'no2': 50.72, 'o3': 157.36, 'so2': 40.05, 'pm2_5': 245.23, 'pm10': 292.54, 'nh3': 6.65}, 'dt': 1689757295}]"
"{'lon': 28.0589, 'lat': -26.0545}","[{'main': {'aqi': 5}, 'components': {'co': 3845.22, 'no': 13.41, 'no2': 100.08, 'o3': 174.52, 'so2': 150.68, 'pm2_5': 440.72, 'pm10': 503.42, 'nh3': 19.25}, 'dt': 1689757296}]"
"{'lon': 28.1878, 'lat': -25.7449}","[{'main': {'aqi': 5}, 'components': {'co': 2723.69, 'no': 5.2, 'no2': 38.39, 'o3': 153.07, 'so2': 53.88, 'pm2_5': 320.08, 'pm10': 364.54, 'nh3': 8.74}, 'dt': 1689757897}]"
"{'lon': 28.0436, 'lat': -26.2023}","[{'main': {'aqi': 5}, 'components': {'co': 2616.88, 'no': 13.3, 'no2': 71.29, 'o3': 124.45, 'so2': 154.5, 'pm2_5': 242.43, 'pm10': 297.26, 'nh3': 21.03}, 'dt': 1689757897}]"
"{'lon': 28.1858, 'lat': -25.8589}","[{'main': {'aqi': 5}, 'components': {'co': 2136.23, 'no': 7.26, 'no2': 50.72, 'o3': 157.36, 'so2': 40.05, 'pm2_5': 245.23, 'pm10': 292.54, 'nh3': 6.65}, 'dt': 1689757898}]"
"{'lon': 28.1378, 'lat': -25.9636}","[{'main': {'aqi': 5}, 'components': {'co': 2136.23, 'no': 7.26, 'no2': 50.72, 'o3': 157.36, 'so2': 40.05, 'pm2_5': 245.23, 'pm10': 292.54, 'nh3': 6.65}, 'dt': 1689757899}]"
"{'lon': 28.0589, 'lat': -26.0545}","[{'main': {'aqi': 5}, 'components': {'co': 3845.22, 'no': 13.41, 'no2': 100.08, 'o3': 174.52, 'so2': 150.68, 'pm2_5': 440.72, 'pm10': 503.42, 'nh3': 19.25}, 'dt': 1689757900}]"
"{'lon': 28.1878, 'lat': -25.7449}","[{'main': {'aqi': 5}, 'components': {'co': 2723.69, 'no': 5.2, 'no2': 38.39, 'o3': 153.07, 'so2': 53.88, 'pm2_5': 320.08, 'pm10': 364.54, 'nh3': 8.74}, 'dt': 1689758550}]"
"{'lon': 28.0436, 'lat': -26.2023}","[{'main': {'aqi': 5}, 'components': {'co': 2616.88, 'no': 13.3, 'no2': 71.29, 'o3': 124.45, 'so2': 154.5, 'pm2_5': 242.43, 'pm10': 297.26, 'nh3': 21.03}, 'dt': 1689758551}]"
"{'lon': 28.1858, 'lat': -25.8589}","[{'main': {'aqi': 5}, 'components': {'co': 2136.23, 'no': 7.26, 'no2': 50.72, 'o3': 157.36, 'so2': 40.05, 'pm2_5': 245.23, 'pm10': 292.54, 'nh3': 6.65}, 'dt': 1689758553}]"
"{'lon': 28.1378, 'lat': -25.9636}","[{'main': {'aqi': 5}, 'components': {'co': 2136.23, 'no': 7.26, 'no2': 50.72, 'o3': 157.36, 'so2': 40.05, 'pm2_5': 245.23, 'pm10': 292.54, 'nh3': 6.65}, 'dt': 1689758554}]"
"{'lon': 28.0589, 'lat': -26.0545}","[{'main': {'aqi': 5}, 'components': {'co': 3845.22, 'no': 13.41, 'no2': 100.08, 'o3': 174.52, 'so2': 150.68, 'pm2_5': 440.72, 'pm10': 503.42, 'nh3': 19.25}, 'dt': 1689758555}]"
"{'lon': 28.1878, 'lat': -25.7449}","[{'main': {'aqi': 3}, 'components': {'co': 460.63, 'no': 0.41, 'no2': 2.87, 'o3': 128.75, 'so2': 15.5, 'pm2_5': 34.32, 'pm10': 45.3, 'nh3': 2.22}, 'dt': 1689759156}]"
"{'lon': 28.0436, 'lat': -26.2023}","[{'main': {'aqi': 4}, 'components': {'co': 694.28, 'no': 2.52, 'no2': 13.54, 'o3': 127.32, 'so2': 50.55, 'pm2_5': 52.46, 'pm10': 73.24, 'nh3': 5.45}, 'dt': 1689759157}]"
"{'lon': 28.1858, 'lat': -25.8589}","[{'main': {'aqi': 4}, 'components': {'co': 560.76, 'no': 0.92, 'no2': 6.68, 'o3': 144.48, 'so2': 22.41, 'pm2_5': 45.01, 'pm10': 60.4, 'nh3': 3.01}, 'dt': 1689759158}]"
"{'lon': 28.1378, 'lat': -25.9636}","[{'main': {'aqi': 4}, 'components': {'co': 560.76, 'no': 0.92, 'no2': 6.68, 'o3': 144.48, 'so2': 22.41, 'pm2_5': 45.01, 'pm10': 60.4, 'nh3': 3.01}, 'dt': 1689759159}]"
"{'lon': 28.0589, 'lat': -26.0545}","[{'main': {'aqi': 4}, 'components': {'co': 727.65, 'no': 1.84, 'no2': 12.17, 'o3': 145.91, 'so2': 42.44, 'pm2_5': 62.26, 'pm10': 81.09, 'nh3': 4.62}, 'dt': 1689759160}]"
"{'lon': 28.1878, 'lat': -25.7449}","[{'main': {'aqi': 3}, 'components': {'co': 460.63, 'no': 0.41, 'no2': 2.87, 'o3': 128.75, 'so2': 15.5, 'pm2_5': 34.32, 'pm10': 45.3, 'nh3': 2.22}, 'dt': 1689759761}]"
"{'lon': 28.0436, 'lat': -26.2023}","[{'main': {'aqi': 4}, 'components': {'co': 694.28, 'no': 2.52, 'no2': 13.54, 'o3': 127.32, 'so2': 50.55, 'pm2_5': 52.46, 'pm10': 73.24, 'nh3': 5.45}, 'dt': 1689759762}]"
"{'lon': 28.1858, 'lat': -25.8589}","[{'main': {'aqi': 4}, 'components': {'co': 560.76, 'no': 0.92, 'no2': 6.68, 'o3': 144.48, 'so2': 22.41, 'pm2_5': 45.01, 'pm10': 60.4, 'nh3': 3.01}, 'dt': 1689759763}]"
"{'lon': 28.1378, 'lat': -25.9636}","[{'main': {'aqi': 4}, 'components': {'co': 560.76, 'no': 0.92, 'no2': 6.68, 'o3': 144.48, 'so2': 22.41, 'pm2_5': 45.01, 'pm10': 60.4, 'nh3': 3.01}, 'dt': 1689759764}]"
"{'lon': 28.0589, 'lat': -26.0545}","[{'main': {'aqi': 4}, 'components': {'co': 727.65, 'no': 1.84, 'no2': 12.17, 'o3': 145.91, 'so2': 42.44, 'pm2_5': 62.26, 'pm10': 81.09, 'nh3': 4.62}, 'dt': 1689759765}]"
"{'lon': 28.1878, 'lat': -25.7449}","[{'main': {'aqi': 3}, 'components': {'co': 460.63, 'no': 0.41, 'no2': 2.87, 'o3': 128.75, 'so2': 15.5, 'pm2_5': 34.32, 'pm10': 45.3, 'nh3': 2.22}, 'dt': 1689760366}]"
"{'lon': 28.0436, 'lat': -26.2023}","[{'main': {'aqi': 4}, 'components': {'co': 694.28, 'no': 2.52, 'no2': 13.54, 'o3': 127.32, 'so2': 50.55, 'pm2_5': 52.46, 'pm10': 73.24, 'nh3': 5.45}, 'dt': 1689760367}]"
"{'lon': 28.1858, 'lat': -25.8589}","[{'main': {'aqi': 4}, 'components': {'co': 560.76, 'no': 0.92, 'no2': 6.68, 'o3': 144.48, 'so2': 22.41, 'pm2_5': 45.01, 'pm10': 60.4, 'nh3': 3.01}, 'dt': 1689760368}]"
"{'lon': 28.1378, 'lat': -25.9636}","[{'main': {'aqi': 4}, 'components': {'co': 560.76, 'no': 0.92, 'no2': 6.68, 'o3': 144.48, 'so2': 22.41, 'pm2_5': 45.01, 'pm10': 60.4, 'nh3': 3.01}, 'dt': 1689760369}]"
"{'lon': 28.0589, 'lat': -26.0545}","[{'main': {'aqi': 4}, 'components': {'co': 727.65, 'no': 1.84, 'no2': 12.17, 'o3': 145.91, 'so2': 42.44, 'pm2_5': 62.26, 'pm10': 81.09, 'nh3': 4.62}, 'dt': 1689760370}]"
"{'lon': 28.1878, 'lat': -25.7449}","[{'main': {'aqi': 3}, 'components': {'co': 460.63, 'no': 0.41, 'no2': 2.87, 'o3': 128.75, 'so2': 15.5, 'pm2_5': 34.32, 'pm10': 45.3, 'nh3': 2.22}, 'dt': 1689760970}]"
"{'lon': 28.0436, 'lat': -26.2023}","[{'main': {'aqi': 4}, 'components': {'co': 694.28, 'no': 2.52, 'no2': 13.54, 'o3': 127.32, 'so2': 50.55, 'pm2_5': 52.46, 'pm10': 73.24, 'nh3': 5.45}, 'dt': 1689760971}]"
"{'lon': 28.1858, 'lat': -25.8589}","[{'main': {'aqi': 4}, 'components': {'co': 560.76, 'no': 0.92, 'no2': 6.68, 'o3': 144.48, 'so2': 22.41, 'pm2_5': 45.01, 'pm10': 60.4, 'nh3': 3.01}, 'dt': 1689760972}]"
"{'lon': 28.1378, 'lat': -25.9636}","[{'main': {'aqi': 4}, 'components': {'co': 560.76, 'no': 0.92, 'no2': 6.68, 'o3': 144.48, 'so2': 22.41, 'pm2_5': 45.01, 'pm10': 60.4, 'nh3': 3.01}, 'dt': 1689760973}]"
"{'lon': 28.0589, 'lat': -26.0545}","[{'main': {'aqi': 4}, 'components': {'co': 727.65, 'no': 1.84, 'no2': 12.17, 'o3': 145.91, 'so2': 42.44, 'pm2_5': 62.26, 'pm10': 81.09, 'nh3': 4.62}, 'dt': 1689760974}]"
"{'lon': 28.1878, 'lat': -25.7449}","[{'main': {'aqi': 3}, 'components': {'co': 460.63, 'no': 0.41, 'no2': 2.87, 'o3': 128.75, 'so2': 15.5, 'pm2_5': 34.32, 'pm10': 45.3, 'nh3': 2.22}, 'dt': 1689761575}]"
"{'lon': 28.0436, 'lat': -26.2023}","[{'main': {'aqi': 4}, 'components': {'co': 694.28, 'no': 2.52, 'no2': 13.54, 'o3': 127.32, 'so2': 50.55, 'pm2_5': 52.46, 'pm10': 73.24, 'nh3': 5.45}, 'dt': 1689761576}]"
"{'lon': 28.1858, 'lat': -25.8589}","[{'main': {'aqi': 4}, 'components': {'co': 560.76, 'no': 0.92, 'no2': 6.68, 'o3': 144.48, 'so2': 22.41, 'pm2_5': 45.01, 'pm10': 60.4, 'nh3': 3.01}, 'dt': 1689761577}]"
"{'lon': 28.1378, 'lat': -25.9636}","[{'main': {'aqi': 4}, 'components': {'co': 560.76, 'no': 0.92, 'no2': 6.68, 'o3': 144.48, 'so2': 22.41, 'pm2_5': 45.01, 'pm10': 60.4, 'nh3': 3.01}, 'dt': 1689761578}]"
"{'lon': 28.0589, 'lat': -26.0545}","[{'main': {'aqi': 4}, 'components': {'co': 727.65, 'no': 1.84, 'no2': 12.17, 'o3': 145.91, 'so2': 42.44, 'pm2_5': 62.26, 'pm10': 81.09, 'nh3': 4.62}, 'dt': 1689761579}]"
"{'lon': 28.1878, 'lat': -25.7449}","[{'main': {'aqi': 3}, 'components': {'co': 460.63, 'no': 0.41, 'no2': 2.87, 'o3': 128.75, 'so2': 15.5, 'pm2_5': 34.32, 'pm10': 45.3, 'nh3': 2.22}, 'dt': 1689762180}]"
"{'lon': 28.0436, 'lat': -26.2023}","[{'main': {'aqi': 4}, 'components': {'co': 694.28, 'no': 2.52, 'no2': 13.54, 'o3': 127.32, 'so2': 50.55, 'pm2_5': 52.46, 'pm10': 73.24, 'nh3': 5.45}, 'dt': 1689762181}]"
"{'lon': 28.1858, 'lat': -25.8589}","[{'main': {'aqi': 4}, 'components': {'co': 560.76, 'no': 0.92, 'no2': 6.68, 'o3': 144.48, 'so2': 22.41, 'pm2_5': 45.01, 'pm10': 60.4, 'nh3': 3.01}, 'dt': 1689762182}]"
"{'lon': 28.1378, 'lat': -25.9636}","[{'main': {'aqi': 4}, 'components': {'co': 560.76, 'no': 0.92, 'no2': 6.68, 'o3': 144.48, 'so2': 22.41, 'pm2_5': 45.01, 'pm10': 60.4, 'nh3': 3.01}, 'dt': 1689762183}]"
"{'lon': 28.0589, 'lat': -26.0545}","[{'main': {'aqi': 4}, 'components': {'co': 727.65, 'no': 1.84, 'no2': 12.17, 'o3': 145.91, 'so2': 42.44, 'pm2_5': 62.26, 'pm10': 81.09, 'nh3': 4.62}, 'dt': 1689762184}]"
"{'lon': 28.1878, 'lat': -25.7449}","[{'main': {'aqi': 3}, 'components': {'co': 333.79, 'no': 0.2, 'no2': 1.26, 'o3': 114.44, 'so2': 9.42, 'pm2_5': 21.47, 'pm10': 28.55, 'nh3': 1.3}, 'dt': 1689762785}]"
"{'lon': 28.0436, 'lat': -26.2023}","[{'main': {'aqi': 3}, 'components': {'co': 514.03, 'no': 1.33, 'no2': 7.63, 'o3': 127.32, 'so2': 33.38, 'pm2_5': 36.37, 'pm10': 51.38, 'nh3': 4.24}, 'dt': 1689762785}]"
"{'lon': 28.1858, 'lat': -25.8589}","[{'main': {'aqi': 3}, 'components': {'co': 400.54, 'no': 0.32, 'no2': 2.25, 'o3': 133.04, 'so2': 13.47, 'pm2_5': 29.69, 'pm10': 40.22, 'nh3': 2.19}, 'dt': 1689762786}]"
"{'lon': 28.1378, 'lat': -25.9636}","[{'main': {'aqi': 3}, 'components': {'co': 400.54, 'no': 0.32, 'no2': 2.25, 'o3': 133.04, 'so2': 13.47, 'pm2_5': 29.69, 'pm10': 40.22, 'nh3': 2.19}, 'dt': 1689762787}]"
"{'lon': 28.0589, 'lat': -26.0545}","[{'main': {'aqi': 4}, 'components': {'co': 487.33, 'no': 0.77, 'no2': 5.14, 'o3': 141.62, 'so2': 27.42, 'pm2_5': 37.87, 'pm10': 52.4, 'nh3': 3.45}, 'dt': 1689762788}]"
"{'lon': 28.1878, 'lat': -25.7449}","[{'main': {'aqi': 3}, 'components': {'co': 333.79, 'no': 0.2, 'no2': 1.26, 'o3': 114.44, 'so2': 9.42, 'pm2_5': 21.47, 'pm10': 28.55, 'nh3': 1.3}, 'dt': 1689763389}]"
"{'lon': 28.0436, 'lat': -26.2023}","[{'main': {'aqi': 3}, 'components': {'co': 514.03, 'no': 1.33, 'no2': 7.63, 'o3': 127.32, 'so2': 33.38, 'pm2_5': 36.37, 'pm10': 51.38, 'nh3': 4.24}, 'dt': 1689763390}]"
"{'lon': 28.1858, 'lat': -25.8589}","[{'main': {'aqi': 3}, 'components': {'co': 400.54, 'no': 0.32, 'no2': 2.25, 'o3': 133.04, 'so2': 13.47, 'pm2_5': 29.69, 'pm10': 40.22, 'nh3': 2.19}, 'dt': 1689763391}]"
"{'lon': 28.1378, 'lat': -25.9636}","[{'main': {'aqi': 3}, 'components': {'co': 400.54, 'no': 0.32, 'no2': 2.25, 'o3': 133.04, 'so2': 13.47, 'pm2_5': 29.69, 'pm10': 40.22, 'nh3': 2.19}, 'dt': 1689763392}]"
"{'lon': 28.0589, 'lat': -26.0545}","[{'main': {'aqi': 4}, 'components': {'co': 487.33, 'no': 0.77, 'no2': 5.14, 'o3': 141.62, 'so2': 27.42, 'pm2_5': 37.87, 'pm10': 52.4, 'nh3': 3.45}, 'dt': 1689763393}]"
"{'lon': 28.1878, 'lat': -25.7449}","[{'main': {'aqi': 3}, 'components': {'co': 333.79, 'no': 0.2, 'no2': 1.26, 'o3': 114.44, 'so2': 9.42, 'pm2_5': 21.47, 'pm10': 28.55, 'nh3': 1.3}, 'dt': 1689763994}]"
"{'lon': 28.0436, 'lat': -26.2023}","[{'main': {'aqi': 3}, 'components': {'co': 514.03, 'no': 1.33, 'no2': 7.63, 'o3': 127.32, 'so2': 33.38, 'pm2_5': 36.37, 'pm10': 51.38, 'nh3': 4.24}, 'dt': 1689763995}]"
"{'lon': 28.1858, 'lat': -25.8589}","[{'main': {'aqi': 3}, 'components': {'co': 400.54, 'no': 0.32, 'no2': 2.25, 'o3': 133.04, 'so2': 13.47, 'pm2_5': 29.69, 'pm10': 40.22, 'nh3': 2.19}, 'dt': 1689763996}]"
"{'lon': 28.1378, 'lat': -25.9636}","[{'main': {'aqi': 3}, 'components': {'co': 400.54, 'no': 0.32, 'no2': 2.25, 'o3': 133.04, 'so2': 13.47, 'pm2_5': 29.69, 'pm10': 40.22, 'nh3': 2.19}, 'dt': 1689763996}]"
"{'lon': 28.0589, 'lat': -26.0545}","[{'main': {'aqi': 4}, 'components': {'co': 487.33, 'no': 0.77, 'no2': 5.14, 'o3': 141.62, 'so2': 27.42, 'pm2_5': 37.87, 'pm10': 52.4, 'nh3': 3.45}, 'dt': 1689763997}]"
"{'lon': 28.1878, 'lat': -25.7449}","[{'main': {'aqi': 3}, 'components': {'co': 333.79, 'no': 0.2, 'no2': 1.26, 'o3': 114.44, 'so2': 9.42, 'pm2_5': 21.47, 'pm10': 28.55, 'nh3': 1.3}, 'dt': 1689764598}]"
"{'lon': 28.0436, 'lat': -26.2023}","[{'main': {'aqi': 3}, 'components': {'co': 514.03, 'no': 1.33, 'no2': 7.63, 'o3': 127.32, 'so2': 33.38, 'pm2_5': 36.37, 'pm10': 51.38, 'nh3': 4.24}, 'dt': 1689764599}]"
"{'lon': 28.1858, 'lat': -25.8589}","[{'main': {'aqi': 3}, 'components': {'co': 400.54, 'no': 0.32, 'no2': 2.25, 'o3': 133.04, 'so2': 13.47, 'pm2_5': 29.69, 'pm10': 40.22, 'nh3': 2.19}, 'dt': 1689764600}]"
"{'lon': 28.1378, 'lat': -25.9636}","[{'main': {'aqi': 3}, 'components': {'co': 400.54, 'no': 0.32, 'no2': 2.25, 'o3': 133.04, 'so2': 13.47, 'pm2_5': 29.69, 'pm10': 40.22, 'nh3': 2.19}, 'dt': 1689764601}]"
"{'lon': 28.0589, 'lat': -26.0545}","[{'main': {'aqi': 4}, 'components': {'co': 487.33, 'no': 0.77, 'no2': 5.14, 'o3': 141.62, 'so2': 27.42, 'pm2_5': 37.87, 'pm10': 52.4, 'nh3': 3.45}, 'dt': 1689764602}]"
"{'lon': 28.1878, 'lat': -25.7449}","[{'main': {'aqi': 3}, 'components': {'co': 333.79, 'no': 0.2, 'no2': 1.26, 'o3': 114.44, 'so2': 9.42, 'pm2_5': 21.47, 'pm10': 28.55, 'nh3': 1.3}, 'dt': 1689765203}]"
"{'lon': 28.0436, 'lat': -26.2023}","[{'main': {'aqi': 3}, 'components': {'co': 514.03, 'no': 1.33, 'no2': 7.63, 'o3': 127.32, 'so2': 33.38, 'pm2_5': 36.37, 'pm10': 51.38, 'nh3': 4.24}, 'dt': 1689765204}]"
"{'lon': 28.1858, 'lat': -25.8589}","[{'main': {'aqi': 3}, 'components': {'co': 400.54, 'no': 0.32, 'no2': 2.25, 'o3': 133.04, 'so2': 13.47, 'pm2_5': 29.69, 'pm10': 40.22, 'nh3': 2.19}, 'dt': 1689765205}]"
"{'lon': 28.1378, 'lat': -25.9636}","[{'main': {'aqi': 3}, 'components': {'co': 400.54, 'no': 0.32, 'no2': 2.25, 'o3': 133.04, 'so2': 13.47, 'pm2_5': 29.69, 'pm10': 40.22, 'nh3': 2.19}, 'dt': 1689765205}]"
"{'lon': 28.0589, 'lat': -26.0545}","[{'main': {'aqi': 4}, 'components': {'co': 487.33, 'no': 0.77, 'no2': 5.14, 'o3': 141.62, 'so2': 27.42, 'pm2_5': 37.87, 'pm10': 52.4, 'nh3': 3.45}, 'dt': 1689765206}]"
"{'lon': 28.1878, 'lat': -25.7449}","[{'main': {'aqi': 3}, 'components': {'co': 333.79, 'no': 0.2, 'no2': 1.26, 'o3': 114.44, 'so2': 9.42, 'pm2_5': 21.47, 'pm10': 28.55, 'nh3': 1.3}, 'dt': 1689765807}]"
"{'lon': 28.0436, 'lat': -26.2023}","[{'main': {'aqi': 3}, 'components': {'co': 514.03, 'no': 1.33, 'no2': 7.63, 'o3': 127.32, 'so2': 33.38, 'pm2_5': 36.37, 'pm10': 51.38, 'nh3': 4.24}, 'dt': 1689765808}]"
"{'lon': 28.1858, 'lat': -25.8589}","[{'main': {'aqi': 3}, 'components': {'co': 400.54, 'no': 0.32, 'no2': 2.25, 'o3': 133.04, 'so2': 13.47, 'pm2_5': 29.69, 'pm10': 40.22, 'nh3': 2.19}, 'dt': 1689765809}]"
"{'lon': 28.1378, 'lat': -25.9636}","[{'main': {'aqi': 3}, 'components': {'co': 400.54, 'no': 0.32, 'no2': 2.25, 'o3': 133.04, 'so2': 13.47, 'pm2_5': 29.69, 'pm10': 40.22, 'nh3': 2.19}, 'dt': 1689765810}]"
"{'lon': 28.0589, 'lat': -26.0545}","[{'main': {'aqi': 4}, 'components': {'co': 487.33, 'no': 0.77, 'no2': 5.14, 'o3': 141.62, 'so2': 27.42, 'pm2_5': 37.87, 'pm10': 52.4, 'nh3': 3.45}, 'dt': 1689765811}]"
"{'lon': 28.1878, 'lat': -25.7449}","[{'main': {'aqi': 3}, 'components': {'co': 350.48, 'no': 0.41, 'no2': 2.61, 'o3': 101.57, 'so2': 10.61, 'pm2_5': 21.38, 'pm10': 28.96, 'nh3': 1.77}, 'dt': 1689772265}]"
"{'lon': 28.0436, 'lat': -26.2023}","[{'main': {'aqi': 4}, 'components': {'co': 781.06, 'no': 2.96, 'no2': 19.02, 'o3': 123.02, 'so2': 51.98, 'pm2_5': 54.13, 'pm10': 74.02, 'nh3': 8.23}, 'dt': 1689772266}]"
"{'lon': 28.1858, 'lat': -25.8589}","[{'main': {'aqi': 3}, 'components': {'co': 387.19, 'no': 0.49, 'no2': 3.64, 'o3': 118.73, 'so2': 12.52, 'pm2_5': 27.64, 'pm10': 39.06, 'nh3': 2.34}, 'dt': 1689772267}]"
"{'lon': 28.1378, 'lat': -25.9636}","[{'main': {'aqi': 3}, 'components': {'co': 387.19, 'no': 0.49, 'no2': 3.64, 'o3': 118.73, 'so2': 12.52, 'pm2_5': 27.64, 'pm10': 39.06, 'nh3': 2.34}, 'dt': 1689772268}]"
"{'lon': 28.0589, 'lat': -26.0545}","[{'main': {'aqi': 3}, 'components': {'co': 554.09, 'no': 1.55, 'no2': 11.65, 'o3': 138.76, 'so2': 32.9, 'pm2_5': 39.23, 'pm10': 57.43, 'nh3': 4.56}, 'dt': 1689772269}]"
"{'lon': 28.1878, 'lat': -25.7449}","[{'main': {'aqi': 3}, 'components': {'co': 350.48, 'no': 0.41, 'no2': 2.61, 'o3': 101.57, 'so2': 10.61, 'pm2_5': 21.38, 'pm10': 28.96, 'nh3': 1.77}, 'dt': 1689772870}]"
"{'lon': 28.0436, 'lat': -26.2023}","[{'main': {'aqi': 4}, 'components': {'co': 781.06, 'no': 2.96, 'no2': 19.02, 'o3': 123.02, 'so2': 51.98, 'pm2_5': 54.13, 'pm10': 74.02, 'nh3': 8.23}, 'dt': 1689772871}]"
"{'lon': 28.1858, 'lat': -25.8589}","[{'main': {'aqi': 3}, 'components': {'co': 387.19, 'no': 0.49, 'no2': 3.64, 'o3': 118.73, 'so2': 12.52, 'pm2_5': 27.64, 'pm10': 39.06, 'nh3': 2.34}, 'dt': 1689772872}]"
"{'lon': 28.1378, 'lat': -25.9636}","[{'main': {'aqi': 3}, 'components': {'co': 387.19, 'no': 0.49, 'no2': 3.64, 'o3': 118.73, 'so2': 12.52, 'pm2_5': 27.64, 'pm10': 39.06, 'nh3': 2.34}, 'dt': 1689772873}]"
"{'lon': 28.0589, 'lat': -26.0545}","[{'main': {'aqi': 3}, 'components': {'co': 554.09, 'no': 1.55, 'no2': 11.65, 'o3': 138.76, 'so2': 32.9, 'pm2_5': 39.23, 'pm10': 57.43, 'nh3': 4.56}, 'dt': 1689772874}]"
"{'lon': 28.1878, 'lat': -25.7449}","[{'main': {'aqi': 3}, 'components': {'co': 417.23, 'no': 0.66, 'no2': 4.76, 'o3': 85.12, 'so2': 14.54, 'pm2_5': 25.72, 'pm10': 34.1, 'nh3': 2.57}, 'dt': 1689773475}]"
"{'lon': 28.0436, 'lat': -26.2023}","[{'main': {'aqi': 5}, 'components': {'co': 1308.44, 'no': 5.53, 'no2': 40.78, 'o3': 100.14, 'so2': 87.74, 'pm2_5': 90.63, 'pm10': 120.53, 'nh3': 14.31}, 'dt': 1689773476}]"
"{'lon': 28.1858, 'lat': -25.8589}","[{'main': {'aqi': 3}, 'components': {'co': 417.23, 'no': 0.92, 'no2': 7.63, 'o3': 95.84, 'so2': 14.19, 'pm2_5': 28.29, 'pm10': 41.57, 'nh3': 3.04}, 'dt': 1689773477}]"
"{'lon': 28.1378, 'lat': -25.9636}","[{'main': {'aqi': 3}, 'components': {'co': 417.23, 'no': 0.92, 'no2': 7.63, 'o3': 95.84, 'so2': 14.19, 'pm2_5': 28.29, 'pm10': 41.57, 'nh3': 3.04}, 'dt': 1689773478}]"
"{'lon': 28.0589, 'lat': -26.0545}","[{'main': {'aqi': 4}, 'components': {'co': 841.14, 'no': 3.24, 'no2': 30.16, 'o3': 117.3, 'so2': 51.02, 'pm2_5': 59.22, 'pm10': 85.98, 'nh3': 7.41}, 'dt': 1689773479}]"
"{'lon': 28.1878, 'lat': -25.7449}","[{'main': {'aqi': 3}, 'components': {'co': 417.23, 'no': 0.66, 'no2': 4.76, 'o3': 85.12, 'so2': 14.54, 'pm2_5': 25.72, 'pm10': 34.1, 'nh3': 2.57}, 'dt': 1689774080}]"
"{'lon': 28.0436, 'lat': -26.2023}","[{'main': {'aqi': 5}, 'components': {'co': 1308.44, 'no': 5.53, 'no2': 40.78, 'o3': 100.14, 'so2': 87.74, 'pm2_5': 90.63, 'pm10': 120.53, 'nh3': 14.31}, 'dt': 1689774080}]"
"{'lon': 28.1858, 'lat': -25.8589}","[{'main': {'aqi': 3}, 'components': {'co': 417.23, 'no': 0.92, 'no2': 7.63, 'o3': 95.84, 'so2': 14.19, 'pm2_5': 28.29, 'pm10': 41.57, 'nh3': 3.04}, 'dt': 1689774081}]"
"{'lon': 28.1378, 'lat': -25.9636}","[{'main': {'aqi': 3}, 'components': {'co': 417.23, 'no': 0.92, 'no2': 7.63, 'o3': 95.84, 'so2': 14.19, 'pm2_5': 28.29, 'pm10': 41.57, 'nh3': 3.04}, 'dt': 1689774082}]"
"{'lon': 28.0589, 'lat': -26.0545}","[{'main': {'aqi': 4}, 'components': {'co': 841.14, 'no': 3.24, 'no2': 30.16, 'o3': 117.3, 'so2': 51.02, 'pm2_5': 59.22, 'pm10': 85.98, 'nh3': 7.41}, 'dt': 1689774083}]"
"{'lon': 28.1878, 'lat': -25.7449}","[{'main': {'aqi': 3}, 'components': {'co': 417.23, 'no': 0.66, 'no2': 4.76, 'o3': 85.12, 'so2': 14.54, 'pm2_5': 25.72, 'pm10': 34.1, 'nh3': 2.57}, 'dt': 1689774684}]"
"{'lon': 28.0436, 'lat': -26.2023}","[{'main': {'aqi': 5}, 'components': {'co': 1308.44, 'no': 5.53, 'no2': 40.78, 'o3': 100.14, 'so2': 87.74, 'pm2_5': 90.63, 'pm10': 120.53, 'nh3': 14.31}, 'dt': 1689774685}]"
"{'lon': 28.1858, 'lat': -25.8589}","[{'main': {'aqi': 3}, 'components': {'co': 417.23, 'no': 0.92, 'no2': 7.63, 'o3': 95.84, 'so2': 14.19, 'pm2_5': 28.29, 'pm10': 41.57, 'nh3': 3.04}, 'dt': 1689774686}]"
"{'lon': 28.1378, 'lat': -25.9636}","[{'main': {'aqi': 3}, 'components': {'co': 417.23, 'no': 0.92, 'no2': 7.63, 'o3': 95.84, 'so2': 14.19, 'pm2_5': 28.29, 'pm10': 41.57, 'nh3': 3.04}, 'dt': 1689774687}]"
"{'lon': 28.0589, 'lat': -26.0545}","[{'main': {'aqi': 4}, 'components': {'co': 841.14, 'no': 3.24, 'no2': 30.16, 'o3': 117.3, 'so2': 51.02, 'pm2_5': 59.22, 'pm10': 85.98, 'nh3': 7.41}, 'dt': 1689774688}]"
"{'lon': 28.1878, 'lat': -25.7449}","[{'main': {'aqi': 3}, 'components': {'co': 417.23, 'no': 0.66, 'no2': 4.76, 'o3': 85.12, 'so2': 14.54, 'pm2_5': 25.72, 'pm10': 34.1, 'nh3': 2.57}, 'dt': 1689775289}]"
"{'lon': 28.0436, 'lat': -26.2023}","[{'main': {'aqi': 5}, 'components': {'co': 1308.44, 'no': 5.53, 'no2': 40.78, 'o3': 100.14, 'so2': 87.74, 'pm2_5': 90.63, 'pm10': 120.53, 'nh3': 14.31}, 'dt': 1689775289}]"
"{'lon': 28.1858, 'lat': -25.8589}","[{'main': {'aqi': 3}, 'components': {'co': 417.23, 'no': 0.92, 'no2': 7.63, 'o3': 95.84, 'so2': 14.19, 'pm2_5': 28.29, 'pm10': 41.57, 'nh3': 3.04}, 'dt': 1689775290}]"
"{'lon': 28.1378, 'lat': -25.9636}","[{'main': {'aqi': 3}, 'components': {'co': 417.23, 'no': 0.92, 'no2': 7.63, 'o3': 95.84, 'so2': 14.19, 'pm2_5': 28.29, 'pm10': 41.57, 'nh3': 3.04}, 'dt': 1689775291}]"
"{'lon': 28.0589, 'lat': -26.0545}","[{'main': {'aqi': 4}, 'components': {'co': 841.14, 'no': 3.24, 'no2': 30.16, 'o3': 117.3, 'so2': 51.02, 'pm2_5': 59.22, 'pm10': 85.98, 'nh3': 7.41}, 'dt': 1689775292}]"
"{'lon': 28.1878, 'lat': -25.7449}","[{'main': {'aqi': 3}, 'components': {'co': 417.23, 'no': 0.66, 'no2': 4.76, 'o3': 85.12, 'so2': 14.54, 'pm2_5': 25.72, 'pm10': 34.1, 'nh3': 2.57}, 'dt': 1689775893}]"
"{'lon': 28.0436, 'lat': -26.2023}","[{'main': {'aqi': 5}, 'components': {'co': 1308.44, 'no': 5.53, 'no2': 40.78, 'o3': 100.14, 'so2': 87.74, 'pm2_5': 90.63, 'pm10': 120.53, 'nh3': 14.31}, 'dt': 1689775894}]"
"{'lon': 28.1858, 'lat': -25.8589}","[{'main': {'aqi': 3}, 'components': {'co': 417.23, 'no': 0.92, 'no2': 7.63, 'o3': 95.84, 'so2': 14.19, 'pm2_5': 28.29, 'pm10': 41.57, 'nh3': 3.04}, 'dt': 1689775895}]"
"{'lon': 28.1378, 'lat': -25.9636}","[{'main': {'aqi': 3}, 'components': {'co': 417.23, 'no': 0.92, 'no2': 7.63, 'o3': 95.84, 'so2': 14.19, 'pm2_5': 28.29, 'pm10': 41.57, 'nh3': 3.04}, 'dt': 1689775897}]"
"{'lon': 28.0589, 'lat': -26.0545}","[{'main': {'aqi': 4}, 'components': {'co': 841.14, 'no': 3.24, 'no2': 30.16, 'o3': 117.3, 'so2': 51.02, 'pm2_5': 59.22, 'pm10': 85.98, 'nh3': 7.41}, 'dt': 1689775898}]"
"{'lon': 28.1878, 'lat': -25.7449}","[{'main': {'aqi': 3}, 'components': {'co': 417.23, 'no': 0.66, 'no2': 4.76, 'o3': 85.12, 'so2': 14.54, 'pm2_5': 25.72, 'pm10': 34.1, 'nh3': 2.57}, 'dt': 1689776499}]"
"{'lon': 28.0436, 'lat': -26.2023}","[{'main': {'aqi': 5}, 'components': {'co': 1308.44, 'no': 5.53, 'no2': 40.78, 'o3': 100.14, 'so2': 87.74, 'pm2_5': 90.63, 'pm10': 120.53, 'nh3': 14.31}, 'dt': 1689776500}]"
"{'lon': 28.1858, 'lat': -25.8589}","[{'main': {'aqi': 3}, 'components': {'co': 417.23, 'no': 0.92, 'no2': 7.63, 'o3': 95.84, 'so2': 14.19, 'pm2_5': 28.29, 'pm10': 41.57, 'nh3': 3.04}, 'dt': 1689776500}]"
"{'lon': 28.1378, 'lat': -25.9636}","[{'main': {'aqi': 3}, 'components': {'co': 417.23, 'no': 0.92, 'no2': 7.63, 'o3': 95.84, 'so2': 14.19, 'pm2_5': 28.29, 'pm10': 41.57, 'nh3': 3.04}, 'dt': 1689776501}]"
"{'lon': 28.0589, 'lat': -26.0545}","[{'main': {'aqi': 4}, 'components': {'co': 841.14, 'no': 3.24, 'no2': 30.16, 'o3': 117.3, 'so2': 51.02, 'pm2_5': 59.22, 'pm10': 85.98, 'nh3': 7.41}, 'dt': 1689776502}]"
"{'lon': 28.1878, 'lat': -25.7449}","[{'main': {'aqi': 3}, 'components': {'co': 494, 'no': 0.48, 'no2': 7.88, 'o3': 70.1, 'so2': 18.6, 'pm2_5': 30.97, 'pm10': 39.94, 'nh3': 3.26}, 'dt': 1689777103}]"
"{'lon': 28.0436, 'lat': -26.2023}","[{'main': {'aqi': 5}, 'components': {'co': 1789.09, 'no': 6.09, 'no2': 71.29, 'o3': 53.64, 'so2': 119.21, 'pm2_5': 118.25, 'pm10': 157.81, 'nh3': 19.51}, 'dt': 1689777104}]"
"{'lon': 28.1858, 'lat': -25.8589}","[{'main': {'aqi': 3}, 'components': {'co': 447.27, 'no': 0.75, 'no2': 13.54, 'o3': 70.1, 'so2': 15.5, 'pm2_5': 28.57, 'pm10': 43.4, 'nh3': 3.71}, 'dt': 1689777105}]"
"{'lon': 28.1378, 'lat': -25.9636}","[{'main': {'aqi': 3}, 'components': {'co': 447.27, 'no': 0.75, 'no2': 13.54, 'o3': 70.1, 'so2': 15.5, 'pm2_5': 28.57, 'pm10': 43.4, 'nh3': 3.71}, 'dt': 1689777106}]"
"{'lon': 28.0589, 'lat': -26.0545}","[{'main': {'aqi': 5}, 'components': {'co': 1161.58, 'no': 2.74, 'no2': 56.21, 'o3': 82.25, 'so2': 67.71, 'pm2_5': 79.8, 'pm10': 115.26, 'nh3': 10.13}, 'dt': 1689777107}]"
"{'lon': 28.1878, 'lat': -25.7449}","[{'main': {'aqi': 3}, 'components': {'co': 494, 'no': 0.48, 'no2': 7.88, 'o3': 70.1, 'so2': 18.6, 'pm2_5': 30.97, 'pm10': 39.94, 'nh3': 3.26}, 'dt': 1689777708}]"
"{'lon': 28.0436, 'lat': -26.2023}","[{'main': {'aqi': 5}, 'components': {'co': 1789.09, 'no': 6.09, 'no2': 71.29, 'o3': 53.64, 'so2': 119.21, 'pm2_5': 118.25, 'pm10': 157.81, 'nh3': 19.51}, 'dt': 1689777709}]"
"{'lon': 28.1858, 'lat': -25.8589}","[{'main': {'aqi': 3}, 'components': {'co': 447.27, 'no': 0.75, 'no2': 13.54, 'o3': 70.1, 'so2': 15.5, 'pm2_5': 28.57, 'pm10': 43.4, 'nh3': 3.71}, 'dt': 1689777710}]"
"{'lon': 28.1378, 'lat': -25.9636}","[{'main': {'aqi': 3}, 'components': {'co': 447.27, 'no': 0.75, 'no2': 13.54, 'o3': 70.1, 'so2': 15.5, 'pm2_5': 28.57, 'pm10': 43.4, 'nh3': 3.71}, 'dt': 1689777710}]"
"{'lon': 28.0589, 'lat': -26.0545}","[{'main': {'aqi': 5}, 'components': {'co': 1161.58, 'no': 2.74, 'no2': 56.21, 'o3': 82.25, 'so2': 67.71, 'pm2_5': 79.8, 'pm10': 115.26, 'nh3': 10.13}, 'dt': 1689777711}]"
"{'lon': 28.1878, 'lat': -25.7449}","[{'main': {'aqi': 3}, 'components': {'co': 494, 'no': 0.48, 'no2': 7.88, 'o3': 70.1, 'so2': 18.6, 'pm2_5': 30.97, 'pm10': 39.94, 'nh3': 3.26}, 'dt': 1689778312}]"
"{'lon': 28.0436, 'lat': -26.2023}","[{'main': {'aqi': 5}, 'components': {'co': 1789.09, 'no': 6.09, 'no2': 71.29, 'o3': 53.64, 'so2': 119.21, 'pm2_5': 118.25, 'pm10': 157.81, 'nh3': 19.51}, 'dt': 1689778313}]"
"{'lon': 28.1858, 'lat': -25.8589}","[{'main': {'aqi': 3}, 'components': {'co': 447.27, 'no': 0.75, 'no2': 13.54, 'o3': 70.1, 'so2': 15.5, 'pm2_5': 28.57, 'pm10': 43.4, 'nh3': 3.71}, 'dt': 1689778314}]"
"{'lon': 28.1378, 'lat': -25.9636}","[{'main': {'aqi': 3}, 'components': {'co': 447.27, 'no': 0.75, 'no2': 13.54, 'o3': 70.1, 'so2': 15.5, 'pm2_5': 28.57, 'pm10': 43.4, 'nh3': 3.71}, 'dt': 1689778315}]"
"{'lon': 28.0589, 'lat': -26.0545}","[{'main': {'aqi': 5}, 'components': {'co': 1161.58, 'no': 2.74, 'no2': 56.21, 'o3': 82.25, 'so2': 67.71, 'pm2_5': 79.8, 'pm10': 115.26, 'nh3': 10.13}, 'dt': 1689778316}]"
"{'lon': 28.1878, 'lat': -25.7449}","[{'main': {'aqi': 3}, 'components': {'co': 494, 'no': 0.48, 'no2': 7.88, 'o3': 70.1, 'so2': 18.6, 'pm2_5': 30.97, 'pm10': 39.94, 'nh3': 3.26}, 'dt': 1689779319}]"
"{'lon': 28.0436, 'lat': -26.2023}","[{'main': {'aqi': 5}, 'components': {'co': 1789.09, 'no': 6.09, 'no2': 71.29, 'o3': 53.64, 'so2': 119.21, 'pm2_5': 118.25, 'pm10': 157.81, 'nh3': 19.51}, 'dt': 1689779320}]"
"{'lon': 28.1858, 'lat': -25.8589}","[{'main': {'aqi': 3}, 'components': {'co': 447.27, 'no': 0.75, 'no2': 13.54, 'o3': 70.1, 'so2': 15.5, 'pm2_5': 28.57, 'pm10': 43.4, 'nh3': 3.71}, 'dt': 1689779321}]"
"{'lon': 28.1378, 'lat': -25.9636}","[{'main': {'aqi': 3}, 'components': {'co': 447.27, 'no': 0.75, 'no2': 13.54, 'o3': 70.1, 'so2': 15.5, 'pm2_5': 28.57, 'pm10': 43.4, 'nh3': 3.71}, 'dt': 1689779322}]"
"{'lon': 28.0589, 'lat': -26.0545}","[{'main': {'aqi': 5}, 'components': {'co': 1161.58, 'no': 2.74, 'no2': 56.21, 'o3': 82.25, 'so2': 67.71, 'pm2_5': 79.8, 'pm10': 115.26, 'nh3': 10.13}, 'dt': 1689779323}]"
"{'lon': 28.1878, 'lat': -25.7449}","[{'main': {'aqi': 3}, 'components': {'co': 494, 'no': 0.48, 'no2': 7.88, 'o3': 70.1, 'so2': 18.6, 'pm2_5': 30.97, 'pm10': 39.94, 'nh3': 3.26}, 'dt': 1689779924}]"
"{'lon': 28.0436, 'lat': -26.2023}","[{'main': {'aqi': 5}, 'components': {'co': 1789.09, 'no': 6.09, 'no2': 71.29, 'o3': 53.64, 'so2': 119.21, 'pm2_5': 118.25, 'pm10': 157.81, 'nh3': 19.51}, 'dt': 1689779924}]"
"{'lon': 28.1858, 'lat': -25.8589}","[{'main': {'aqi': 3}, 'components': {'co': 447.27, 'no': 0.75, 'no2': 13.54, 'o3': 70.1, 'so2': 15.5, 'pm2_5': 28.57, 'pm10': 43.4, 'nh3': 3.71}, 'dt': 1689779925}]"
"{'lon': 28.1378, 'lat': -25.9636}","[{'main': {'aqi': 3}, 'components': {'co': 447.27, 'no': 0.75, 'no2': 13.54, 'o3': 70.1, 'so2': 15.5, 'pm2_5': 28.57, 'pm10': 43.4, 'nh3': 3.71}, 'dt': 1689779926}]"
"{'lon': 28.0589, 'lat': -26.0545}","[{'main': {'aqi': 5}, 'components': {'co': 1161.58, 'no': 2.74, 'no2': 56.21, 'o3': 82.25, 'so2': 67.71, 'pm2_5': 79.8, 'pm10': 115.26, 'nh3': 10.13}, 'dt': 1689779927}]"
"{'lon': 28.1878, 'lat': -25.7449}","[{'main': {'aqi': 3}, 'components': {'co': 494, 'no': 0.48, 'no2': 7.88, 'o3': 70.1, 'so2': 18.6, 'pm2_5': 30.97, 'pm10': 39.94, 'nh3': 3.26}, 'dt': 1689780528}]"
"{'lon': 28.0436, 'lat': -26.2023}","[{'main': {'aqi': 5}, 'components': {'co': 1789.09, 'no': 6.09, 'no2': 71.29, 'o3': 53.64, 'so2': 119.21, 'pm2_5': 118.25, 'pm10': 157.81, 'nh3': 19.51}, 'dt': 1689780529}]"
"{'lon': 28.1858, 'lat': -25.8589}","[{'main': {'aqi': 3}, 'components': {'co': 447.27, 'no': 0.75, 'no2': 13.54, 'o3': 70.1, 'so2': 15.5, 'pm2_5': 28.57, 'pm10': 43.4, 'nh3': 3.71}, 'dt': 1689780530}]"
"{'lon': 28.1378, 'lat': -25.9636}","[{'main': {'aqi': 3}, 'components': {'co': 447.27, 'no': 0.75, 'no2': 13.54, 'o3': 70.1, 'so2': 15.5, 'pm2_5': 28.57, 'pm10': 43.4, 'nh3': 3.71}, 'dt': 1689780531}]"
"{'lon': 28.0589, 'lat': -26.0545}","[{'main': {'aqi': 5}, 'components': {'co': 1161.58, 'no': 2.74, 'no2': 56.21, 'o3': 82.25, 'so2': 67.71, 'pm2_5': 79.8, 'pm10': 115.26, 'nh3': 10.13}, 'dt': 1689780532}]"
"{'lon': 28.1878, 'lat': -25.7449}","[{'main': {'aqi': 3}, 'components': {'co': 620.84, 'no': 0.03, 'no2': 14.05, 'o3': 53.64, 'so2': 25.27, 'pm2_5': 39.81, 'pm10': 50.85, 'nh3': 4.56}, 'dt': 1689781133}]"
"{'lon': 28.0436, 'lat': -26.2023}","[{'main': {'aqi': 5}, 'components': {'co': 2243.04, 'no': 12.29, 'no2': 93.22, 'o3': 4.69, 'so2': 144.96, 'pm2_5': 141.1, 'pm10': 191.72, 'nh3': 24.32}, 'dt': 1689781134}]"
"{'lon': 28.1858, 'lat': -25.8589}","[{'main': {'aqi': 3}, 'components': {'co': 514.03, 'no': 0.05, 'no2': 20.56, 'o3': 47.92, 'so2': 18.36, 'pm2_5': 31.66, 'pm10': 49.72, 'nh3': 4.69}, 'dt': 1689781135}]"
"{'lon': 28.1378, 'lat': -25.9636}","[{'main': {'aqi': 3}, 'components': {'co': 514.03, 'no': 0.05, 'no2': 20.56, 'o3': 47.92, 'so2': 18.36, 'pm2_5': 31.66, 'pm10': 49.72, 'nh3': 4.69}, 'dt': 1689781135}]"
"{'lon': 28.0589, 'lat': -26.0545}","[{'main': {'aqi': 5}, 'components': {'co': 1762.39, 'no': 0.48, 'no2': 104.19, 'o3': 31.83, 'so2': 96.32, 'pm2_5': 117.56, 'pm10': 165.97, 'nh3': 15.07}, 'dt': 1689781136}]"
"{'lon': 28.1878, 'lat': -25.7449}","[{'main': {'aqi': 3}, 'components': {'co': 620.84, 'no': 0.03, 'no2': 14.05, 'o3': 53.64, 'so2': 25.27, 'pm2_5': 39.81, 'pm10': 50.85, 'nh3': 4.56}, 'dt': 1689781737}]"
"{'lon': 28.0436, 'lat': -26.2023}","[{'main': {'aqi': 5}, 'components': {'co': 2243.04, 'no': 12.29, 'no2': 93.22, 'o3': 4.69, 'so2': 144.96, 'pm2_5': 141.1, 'pm10': 191.72, 'nh3': 24.32}, 'dt': 1689781738}]"
"{'lon': 28.1858, 'lat': -25.8589}","[{'main': {'aqi': 3}, 'components': {'co': 514.03, 'no': 0.05, 'no2': 20.56, 'o3': 47.92, 'so2': 18.36, 'pm2_5': 31.66, 'pm10': 49.72, 'nh3': 4.69}, 'dt': 1689781739}]"
"{'lon': 28.1378, 'lat': -25.9636}","[{'main': {'aqi': 3}, 'components': {'co': 514.03, 'no': 0.05, 'no2': 20.56, 'o3': 47.92, 'so2': 18.36, 'pm2_5': 31.66, 'pm10': 49.72, 'nh3': 4.69}, 'dt': 1689781740}]"
"{'lon': 28.0589, 'lat': -26.0545}","[{'main': {'aqi': 5}, 'components': {'co': 1762.39, 'no': 0.48, 'no2': 104.19, 'o3': 31.83, 'so2': 96.32, 'pm2_5': 117.56, 'pm10': 165.97, 'nh3': 15.07}, 'dt': 1689781741}]"
"{'lon': 28.1878, 'lat': -25.7449}","[{'main': {'aqi': 3}, 'components': {'co': 620.84, 'no': 0.03, 'no2': 14.05, 'o3': 53.64, 'so2': 25.27, 'pm2_5': 39.81, 'pm10': 50.85, 'nh3': 4.56}, 'dt': 1689781737}]"
"{'lon': 28.0436, 'lat': -26.2023}","[{'main': {'aqi': 5}, 'components': {'co': 2243.04, 'no': 12.29, 'no2': 93.22, 'o3': 4.69, 'so2': 144.96, 'pm2_5': 141.1, 'pm10': 191.72, 'nh3': 24.32}, 'dt': 1689781738}]"
"{'lon': 28.1858, 'lat': -25.8589}","[{'main': {'aqi': 3}, 'components': {'co': 514.03, 'no': 0.05, 'no2': 20.56, 'o3': 47.92, 'so2': 18.36, 'pm2_5': 31.66, 'pm10': 49.72, 'nh3': 4.69}, 'dt': 1689781739}]"
"{'lon': 28.1378, 'lat': -25.9636}","[{'main': {'aqi': 3}, 'components': {'co': 514.03, 'no': 0.05, 'no2': 20.56, 'o3': 47.92, 'so2': 18.36, 'pm2_5': 31.66, 'pm10': 49.72, 'nh3': 4.69}, 'dt': 1689781740}]"
"{'lon': 28.0589, 'lat': -26.0545}","[{'main': {'aqi': 5}, 'components': {'co': 1762.39, 'no': 0.48, 'no2': 104.19, 'o3': 31.83, 'so2': 96.32, 'pm2_5': 117.56, 'pm10': 165.97, 'nh3': 15.07}, 'dt': 1689781741}]"
"{'lon': 28.1878, 'lat': -25.7449}","[{'main': {'aqi': 3}, 'components': {'co': 620.84, 'no': 0.03, 'no2': 14.05, 'o3': 53.64, 'so2': 25.27, 'pm2_5': 39.81, 'pm10': 50.85, 'nh3': 4.56}, 'dt': 1689782417}]"
"{'lon': 28.0436, 'lat': -26.2023}","[{'main': {'aqi': 5}, 'components': {'co': 2243.04, 'no': 12.29, 'no2': 93.22, 'o3': 4.69, 'so2': 144.96, 'pm2_5': 141.1, 'pm10': 191.72, 'nh3': 24.32}, 'dt': 1689782521}]"
"{'lon': 28.1858, 'lat': -25.8589}","[{'main': {'aqi': 3}, 'components': {'co': 514.03, 'no': 0.05, 'no2': 20.56, 'o3': 47.92, 'so2': 18.36, 'pm2_5': 31.66, 'pm10': 49.72, 'nh3': 4.69}, 'dt': 1689782522}]"
"{'lon': 28.1378, 'lat': -25.9636}","[{'main': {'aqi': 3}, 'components': {'co': 514.03, 'no': 0.05, 'no2': 20.56, 'o3': 47.92, 'so2': 18.36, 'pm2_5': 31.66, 'pm10': 49.72, 'nh3': 4.69}, 'dt': 1689782523}]"
"{'lon': 28.0589, 'lat': -26.0545}","[{'main': {'aqi': 5}, 'components': {'co': 1762.39, 'no': 0.48, 'no2': 104.19, 'o3': 31.83, 'so2': 96.32, 'pm2_5': 117.56, 'pm10': 165.97, 'nh3': 15.07}, 'dt': 1689782524}]"
"{'lon': 28.1878, 'lat': -25.7449}","[{'main': {'aqi': 3}, 'components': {'co': 620.84, 'no': 0.03, 'no2': 14.05, 'o3': 53.64, 'so2': 25.27, 'pm2_5': 39.81, 'pm10': 50.85, 'nh3': 4.56}, 'dt': 1689783125}]"
"{'lon': 28.0436, 'lat': -26.2023}","[{'main': {'aqi': 5}, 'components': {'co': 2243.04, 'no': 12.29, 'no2': 93.22, 'o3': 4.69, 'so2': 144.96, 'pm2_5': 141.1, 'pm10': 191.72, 'nh3': 24.32}, 'dt': 1689783126}]"
"{'lon': 28.1858, 'lat': -25.8589}","[{'main': {'aqi': 3}, 'components': {'co': 514.03, 'no': 0.05, 'no2': 20.56, 'o3': 47.92, 'so2': 18.36, 'pm2_5': 31.66, 'pm10': 49.72, 'nh3': 4.69}, 'dt': 1689783127}]"
"{'lon': 28.1378, 'lat': -25.9636}","[{'main': {'aqi': 3}, 'components': {'co': 514.03, 'no': 0.05, 'no2': 20.56, 'o3': 47.92, 'so2': 18.36, 'pm2_5': 31.66, 'pm10': 49.72, 'nh3': 4.69}, 'dt': 1689783128}]"
"{'lon': 28.0589, 'lat': -26.0545}","[{'main': {'aqi': 5}, 'components': {'co': 1762.39, 'no': 0.48, 'no2': 104.19, 'o3': 31.83, 'so2': 96.32, 'pm2_5': 117.56, 'pm10': 165.97, 'nh3': 15.07}, 'dt': 1689783129}]"
"{'lon': 28.1878, 'lat': -25.7449}","[{'main': {'aqi': 3}, 'components': {'co': 620.84, 'no': 0.03, 'no2': 14.05, 'o3': 53.64, 'so2': 25.27, 'pm2_5': 39.81, 'pm10': 50.85, 'nh3': 4.56}, 'dt': 1689783730}]"
"{'lon': 28.0436, 'lat': -26.2023}","[{'main': {'aqi': 5}, 'components': {'co': 2243.04, 'no': 12.29, 'no2': 93.22, 'o3': 4.69, 'so2': 144.96, 'pm2_5': 141.1, 'pm10': 191.72, 'nh3': 24.32}, 'dt': 1689783731}]"
"{'lon': 28.1858, 'lat': -25.8589}","[{'main': {'aqi': 3}, 'components': {'co': 514.03, 'no': 0.05, 'no2': 20.56, 'o3': 47.92, 'so2': 18.36, 'pm2_5': 31.66, 'pm10': 49.72, 'nh3': 4.69}, 'dt': 1689783733}]"
"{'lon': 28.1378, 'lat': -25.9636}","[{'main': {'aqi': 3}, 'components': {'co': 514.03, 'no': 0.05, 'no2': 20.56, 'o3': 47.92, 'so2': 18.36, 'pm2_5': 31.66, 'pm10': 49.72, 'nh3': 4.69}, 'dt': 1689783734}]"
"{'lon': 28.0589, 'lat': -26.0545}","[{'main': {'aqi': 5}, 'components': {'co': 1762.39, 'no': 0.48, 'no2': 104.19, 'o3': 31.83, 'so2': 96.32, 'pm2_5': 117.56, 'pm10': 165.97, 'nh3': 15.07}, 'dt': 1689783735}]"
"{'lon': 28.1878, 'lat': -25.7449}","[{'main': {'aqi': 4}, 'components': {'co': 814.44, 'no': 0.01, 'no2': 20.91, 'o3': 37.19, 'so2': 33.85, 'pm2_5': 53.39, 'pm10': 68.13, 'nh3': 6.46}, 'dt': 1689784336}]"
"{'lon': 28.0436, 'lat': -26.2023}","[{'main': {'aqi': 5}, 'components': {'co': 2883.91, 'no': 36.66, 'no2': 76.08, 'o3': 0, 'so2': 167.85, 'pm2_5': 184.08, 'pm10': 246.75, 'nh3': 30.91}, 'dt': 1689784336}]"
"{'lon': 28.1858, 'lat': -25.8589}","[{'main': {'aqi': 3}, 'components': {'co': 647.54, 'no': 0.02, 'no2': 28.79, 'o3': 30.4, 'so2': 24.8, 'pm2_5': 40.33, 'pm10': 65.11, 'nh3': 5.89}, 'dt': 1689784337}]"
"{'lon': 28.1378, 'lat': -25.9636}","[{'main': {'aqi': 3}, 'components': {'co': 647.54, 'no': 0.02, 'no2': 28.79, 'o3': 30.4, 'so2': 24.8, 'pm2_5': 40.33, 'pm10': 65.11, 'nh3': 5.89}, 'dt': 1689784338}]"
"{'lon': 28.0589, 'lat': -26.0545}","[{'main': {'aqi': 5}, 'components': {'co': 2670.29, 'no': 9.95, 'no2': 137.09, 'o3': 1.74, 'so2': 137.33, 'pm2_5': 181.99, 'pm10': 247.07, 'nh3': 21.53}, 'dt': 1689784340}]"
"{'lon': 28.1878, 'lat': -25.7449}","[{'main': {'aqi': 4}, 'components': {'co': 814.44, 'no': 0.01, 'no2': 20.91, 'o3': 37.19, 'so2': 33.85, 'pm2_5': 53.39, 'pm10': 68.13, 'nh3': 6.46}, 'dt': 1689784941}]"
"{'lon': 28.0436, 'lat': -26.2023}","[{'main': {'aqi': 5}, 'components': {'co': 2883.91, 'no': 36.66, 'no2': 76.08, 'o3': 0, 'so2': 167.85, 'pm2_5': 184.08, 'pm10': 246.75, 'nh3': 30.91}, 'dt': 1689784941}]"
"{'lon': 28.1858, 'lat': -25.8589}","[{'main': {'aqi': 3}, 'components': {'co': 647.54, 'no': 0.02, 'no2': 28.79, 'o3': 30.4, 'so2': 24.8, 'pm2_5': 40.33, 'pm10': 65.11, 'nh3': 5.89}, 'dt': 1689784942}]"
"{'lon': 28.1378, 'lat': -25.9636}","[{'main': {'aqi': 3}, 'components': {'co': 647.54, 'no': 0.02, 'no2': 28.79, 'o3': 30.4, 'so2': 24.8, 'pm2_5': 40.33, 'pm10': 65.11, 'nh3': 5.89}, 'dt': 1689784944}]"
"{'lon': 28.0589, 'lat': -26.0545}","[{'main': {'aqi': 5}, 'components': {'co': 2670.29, 'no': 9.95, 'no2': 137.09, 'o3': 1.74, 'so2': 137.33, 'pm2_5': 181.99, 'pm10': 247.07, 'nh3': 21.53}, 'dt': 1689784945}]"
"{'lon': 28.1878, 'lat': -25.7449}","[{'main': {'aqi': 4}, 'components': {'co': 814.44, 'no': 0.01, 'no2': 20.91, 'o3': 37.19, 'so2': 33.85, 'pm2_5': 53.39, 'pm10': 68.13, 'nh3': 6.46}, 'dt': 1689785546}]"
"{'lon': 28.0436, 'lat': -26.2023}","[{'main': {'aqi': 5}, 'components': {'co': 2883.91, 'no': 36.66, 'no2': 76.08, 'o3': 0, 'so2': 167.85, 'pm2_5': 184.08, 'pm10': 246.75, 'nh3': 30.91}, 'dt': 1689785547}]"
"{'lon': 28.1858, 'lat': -25.8589}","[{'main': {'aqi': 3}, 'components': {'co': 647.54, 'no': 0.02, 'no2': 28.79, 'o3': 30.4, 'so2': 24.8, 'pm2_5': 40.33, 'pm10': 65.11, 'nh3': 5.89}, 'dt': 1689785548}]"
"{'lon': 28.1378, 'lat': -25.9636}","[{'main': {'aqi': 3}, 'components': {'co': 647.54, 'no': 0.02, 'no2': 28.79, 'o3': 30.4, 'so2': 24.8, 'pm2_5': 40.33, 'pm10': 65.11, 'nh3': 5.89}, 'dt': 1689785549}]"
"{'lon': 28.0589, 'lat': -26.0545}","[{'main': {'aqi': 5}, 'components': {'co': 2670.29, 'no': 9.95, 'no2': 137.09, 'o3': 1.74, 'so2': 137.33, 'pm2_5': 181.99, 'pm10': 247.07, 'nh3': 21.53}, 'dt': 1689785550}]"
"{'lon': 28.1878, 'lat': -25.7449}","[{'main': {'aqi': 4}, 'components': {'co': 814.44, 'no': 0.01, 'no2': 20.91, 'o3': 37.19, 'so2': 33.85, 'pm2_5': 53.39, 'pm10': 68.13, 'nh3': 6.46}, 'dt': 1689786151}]"
"{'lon': 28.0436, 'lat': -26.2023}","[{'main': {'aqi': 5}, 'components': {'co': 2883.91, 'no': 36.66, 'no2': 76.08, 'o3': 0, 'so2': 167.85, 'pm2_5': 184.08, 'pm10': 246.75, 'nh3': 30.91}, 'dt': 1689786151}]"
"{'lon': 28.1858, 'lat': -25.8589}","[{'main': {'aqi': 3}, 'components': {'co': 647.54, 'no': 0.02, 'no2': 28.79, 'o3': 30.4, 'so2': 24.8, 'pm2_5': 40.33, 'pm10': 65.11, 'nh3': 5.89}, 'dt': 1689786152}]"
"{'lon': 28.1378, 'lat': -25.9636}","[{'main': {'aqi': 3}, 'components': {'co': 647.54, 'no': 0.02, 'no2': 28.79, 'o3': 30.4, 'so2': 24.8, 'pm2_5': 40.33, 'pm10': 65.11, 'nh3': 5.89}, 'dt': 1689786153}]"
"{'lon': 28.0589, 'lat': -26.0545}","[{'main': {'aqi': 5}, 'components': {'co': 2670.29, 'no': 9.95, 'no2': 137.09, 'o3': 1.74, 'so2': 137.33, 'pm2_5': 181.99, 'pm10': 247.07, 'nh3': 21.53}, 'dt': 1689786154}]"
"{'lon': 28.1878, 'lat': -25.7449}","[{'main': {'aqi': 4}, 'components': {'co': 814.44, 'no': 0.01, 'no2': 20.91, 'o3': 37.19, 'so2': 33.85, 'pm2_5': 53.39, 'pm10': 68.13, 'nh3': 6.46}, 'dt': 1689786755}]"
"{'lon': 28.0436, 'lat': -26.2023}","[{'main': {'aqi': 5}, 'components': {'co': 2883.91, 'no': 36.66, 'no2': 76.08, 'o3': 0, 'so2': 167.85, 'pm2_5': 184.08, 'pm10': 246.75, 'nh3': 30.91}, 'dt': 1689786756}]"
"{'lon': 28.1858, 'lat': -25.8589}","[{'main': {'aqi': 3}, 'components': {'co': 647.54, 'no': 0.02, 'no2': 28.79, 'o3': 30.4, 'so2': 24.8, 'pm2_5': 40.33, 'pm10': 65.11, 'nh3': 5.89}, 'dt': 1689786757}]"
"{'lon': 28.1378, 'lat': -25.9636}","[{'main': {'aqi': 3}, 'components': {'co': 647.54, 'no': 0.02, 'no2': 28.79, 'o3': 30.4, 'so2': 24.8, 'pm2_5': 40.33, 'pm10': 65.11, 'nh3': 5.89}, 'dt': 1689786758}]"
"{'lon': 28.0589, 'lat': -26.0545}","[{'main': {'aqi': 5}, 'components': {'co': 2670.29, 'no': 9.95, 'no2': 137.09, 'o3': 1.74, 'so2': 137.33, 'pm2_5': 181.99, 'pm10': 247.07, 'nh3': 21.53}, 'dt': 1689786759}]"
"{'lon': 28.1878, 'lat': -25.7449}","[{'main': {'aqi': 4}, 'components': {'co': 814.44, 'no': 0.01, 'no2': 20.91, 'o3': 37.19, 'so2': 33.85, 'pm2_5': 53.39, 'pm10': 68.13, 'nh3': 6.46}, 'dt': 1689787360}]"
"{'lon': 28.0436, 'lat': -26.2023}","[{'main': {'aqi': 5}, 'components': {'co': 2883.91, 'no': 36.66, 'no2': 76.08, 'o3': 0, 'so2': 167.85, 'pm2_5': 184.08, 'pm10': 246.75, 'nh3': 30.91}, 'dt': 1689787361}]"
"{'lon': 28.1858, 'lat': -25.8589}","[{'main': {'aqi': 3}, 'components': {'co': 647.54, 'no': 0.02, 'no2': 28.79, 'o3': 30.4, 'so2': 24.8, 'pm2_5': 40.33, 'pm10': 65.11, 'nh3': 5.89}, 'dt': 1689787362}]"
"{'lon': 28.1378, 'lat': -25.9636}","[{'main': {'aqi': 3}, 'components': {'co': 647.54, 'no': 0.02, 'no2': 28.79, 'o3': 30.4, 'so2': 24.8, 'pm2_5': 40.33, 'pm10': 65.11, 'nh3': 5.89}, 'dt': 1689787363}]"
"{'lon': 28.0589, 'lat': -26.0545}","[{'main': {'aqi': 5}, 'components': {'co': 2670.29, 'no': 9.95, 'no2': 137.09, 'o3': 1.74, 'so2': 137.33, 'pm2_5': 181.99, 'pm10': 247.07, 'nh3': 21.53}, 'dt': 1689787363}]"
"{'lon': 28.1878, 'lat': -25.7449}","[{'main': {'aqi': 4}, 'components': {'co': 961.3, 'no': 0.05, 'no2': 24.33, 'o3': 25.39, 'so2': 37.67, 'pm2_5': 64.87, 'pm10': 82.87, 'nh3': 7.85}, 'dt': 1689787964}]"
"{'lon': 28.0436, 'lat': -26.2023}","[{'main': {'aqi': 5}, 'components': {'co': 3524.78, 'no': 50.96, 'no2': 66.49, 'o3': 0, 'so2': 177.38, 'pm2_5': 236.41, 'pm10': 309.32, 'nh3': 36.48}, 'dt': 1689787965}]"
"{'lon': 28.1858, 'lat': -25.8589}","[{'main': {'aqi': 4}, 'components': {'co': 961.3, 'no': 0.24, 'no2': 47.98, 'o3': 14.66, 'so2': 38.15, 'pm2_5': 61.47, 'pm10': 96.74, 'nh3': 7.79}, 'dt': 1689787966}]"
"{'lon': 28.1378, 'lat': -25.9636}","[{'main': {'aqi': 4}, 'components': {'co': 961.3, 'no': 0.24, 'no2': 47.98, 'o3': 14.66, 'so2': 38.15, 'pm2_5': 61.47, 'pm10': 96.74, 'nh3': 7.79}, 'dt': 1689787967}]"
"{'lon': 28.0589, 'lat': -26.0545}","[{'main': {'aqi': 5}, 'components': {'co': 3631.59, 'no': 33.98, 'no2': 132.98, 'o3': 0, 'so2': 167.85, 'pm2_5': 259.83, 'pm10': 339.69, 'nh3': 27.36}, 'dt': 1689787968}]"
"{'lon': 28.1878, 'lat': -25.7449}","[{'main': {'aqi': 4}, 'components': {'co': 961.3, 'no': 0.05, 'no2': 24.33, 'o3': 25.39, 'so2': 37.67, 'pm2_5': 64.87, 'pm10': 82.87, 'nh3': 7.85}, 'dt': 1689788569}]"
"{'lon': 28.0436, 'lat': -26.2023}","[{'main': {'aqi': 5}, 'components': {'co': 3524.78, 'no': 50.96, 'no2': 66.49, 'o3': 0, 'so2': 177.38, 'pm2_5': 236.41, 'pm10': 309.32, 'nh3': 36.48}, 'dt': 1689788570}]"
"{'lon': 28.1858, 'lat': -25.8589}","[{'main': {'aqi': 4}, 'components': {'co': 961.3, 'no': 0.24, 'no2': 47.98, 'o3': 14.66, 'so2': 38.15, 'pm2_5': 61.47, 'pm10': 96.74, 'nh3': 7.79}, 'dt': 1689788571}]"
"{'lon': 28.1378, 'lat': -25.9636}","[{'main': {'aqi': 4}, 'components': {'co': 961.3, 'no': 0.24, 'no2': 47.98, 'o3': 14.66, 'so2': 38.15, 'pm2_5': 61.47, 'pm10': 96.74, 'nh3': 7.79}, 'dt': 1689788571}]"
"{'lon': 28.0589, 'lat': -26.0545}","[{'main': {'aqi': 5}, 'components': {'co': 3631.59, 'no': 33.98, 'no2': 132.98, 'o3': 0, 'so2': 167.85, 'pm2_5': 259.83, 'pm10': 339.69, 'nh3': 27.36}, 'dt': 1689788572}]"
"{'lon': 28.1878, 'lat': -25.7449}","[{'main': {'aqi': 4}, 'components': {'co': 961.3, 'no': 0.05, 'no2': 24.33, 'o3': 25.39, 'so2': 37.67, 'pm2_5': 64.87, 'pm10': 82.87, 'nh3': 7.85}, 'dt': 1689789173}]"
"{'lon': 28.0436, 'lat': -26.2023}","[{'main': {'aqi': 5}, 'components': {'co': 3524.78, 'no': 50.96, 'no2': 66.49, 'o3': 0, 'so2': 177.38, 'pm2_5': 236.41, 'pm10': 309.32, 'nh3': 36.48}, 'dt': 1689789174}]"
"{'lon': 28.1858, 'lat': -25.8589}","[{'main': {'aqi': 4}, 'components': {'co': 961.3, 'no': 0.24, 'no2': 47.98, 'o3': 14.66, 'so2': 38.15, 'pm2_5': 61.47, 'pm10': 96.74, 'nh3': 7.79}, 'dt': 1689789175}]"
"{'lon': 28.1378, 'lat': -25.9636}","[{'main': {'aqi': 4}, 'components': {'co': 961.3, 'no': 0.24, 'no2': 47.98, 'o3': 14.66, 'so2': 38.15, 'pm2_5': 61.47, 'pm10': 96.74, 'nh3': 7.79}, 'dt': 1689789176}]"
"{'lon': 28.0589, 'lat': -26.0545}","[{'main': {'aqi': 5}, 'components': {'co': 3631.59, 'no': 33.98, 'no2': 132.98, 'o3': 0, 'so2': 167.85, 'pm2_5': 259.83, 'pm10': 339.69, 'nh3': 27.36}, 'dt': 1689789177}]"
"{'lon': 28.1878, 'lat': -25.7449}","[{'main': {'aqi': 5}, 'components': {'co': 1094.82, 'no': 0.29, 'no2': 28.1, 'o3': 15.02, 'so2': 40.05, 'pm2_5': 75.31, 'pm10': 97.47, 'nh3': 9.12}, 'dt': 1689791416}]"
"{'lon': 28.0436, 'lat': -26.2023}","[{'main': {'aqi': 5}, 'components': {'co': 3791.81, 'no': 53.64, 'no2': 61.01, 'o3': 0, 'so2': 160.22, 'pm2_5': 259.67, 'pm10': 337.47, 'nh3': 36.99}, 'dt': 1689791476}]"
"{'lon': 28.1858, 'lat': -25.8589}","[{'main': {'aqi': 5}, 'components': {'co': 1735.69, 'no': 7.6, 'no2': 79.51, 'o3': 1.43, 'so2': 62.94, 'pm2_5': 118.68, 'pm10': 171.93, 'nh3': 10.89}, 'dt': 1689791511}]"
"{'lon': 28.1378, 'lat': -25.9636}","[{'main': {'aqi': 5}, 'components': {'co': 1735.69, 'no': 7.6, 'no2': 79.51, 'o3': 1.43, 'so2': 62.94, 'pm2_5': 118.68, 'pm10': 171.93, 'nh3': 10.89}, 'dt': 1689791512}]"
"{'lon': 28.0589, 'lat': -26.0545}","[{'main': {'aqi': 5}, 'components': {'co': 4486.08, 'no': 58.12, 'no2': 119.27, 'o3': 0, 'so2': 181.2, 'pm2_5': 334.23, 'pm10': 422.53, 'nh3': 31.41}, 'dt': 1689791513}]"
"{'lon': 28.1878, 'lat': -25.7449}","[{'main': {'aqi': 5}, 'components': {'co': 1094.82, 'no': 0.29, 'no2': 28.1, 'o3': 15.02, 'so2': 40.05, 'pm2_5': 75.31, 'pm10': 97.47, 'nh3': 9.12}, 'dt': 1689792114}]"
"{'lon': 28.0436, 'lat': -26.2023}","[{'main': {'aqi': 5}, 'components': {'co': 3791.81, 'no': 53.64, 'no2': 61.01, 'o3': 0, 'so2': 160.22, 'pm2_5': 259.67, 'pm10': 337.47, 'nh3': 36.99}, 'dt': 1689792115}]"
"{'lon': 28.1858, 'lat': -25.8589}","[{'main': {'aqi': 5}, 'components': {'co': 1735.69, 'no': 7.6, 'no2': 79.51, 'o3': 1.43, 'so2': 62.94, 'pm2_5': 118.68, 'pm10': 171.93, 'nh3': 10.89}, 'dt': 1689792116}]"
"{'lon': 28.1378, 'lat': -25.9636}","[{'main': {'aqi': 5}, 'components': {'co': 1735.69, 'no': 7.6, 'no2': 79.51, 'o3': 1.43, 'so2': 62.94, 'pm2_5': 118.68, 'pm10': 171.93, 'nh3': 10.89}, 'dt': 1689792118}]"
"{'lon': 28.0589, 'lat': -26.0545}","[{'main': {'aqi': 5}, 'components': {'co': 4486.08, 'no': 58.12, 'no2': 119.27, 'o3': 0, 'so2': 181.2, 'pm2_5': 334.23, 'pm10': 422.53, 'nh3': 31.41}, 'dt': 1689792119}]"
"{'lon': 28.1878, 'lat': -25.7449}","[{'main': {'aqi': 5}, 'components': {'co': 1094.82, 'no': 0.29, 'no2': 28.1, 'o3': 15.02, 'so2': 40.05, 'pm2_5': 75.31, 'pm10': 97.47, 'nh3': 9.12}, 'dt': 1689792721}]"
"{'lon': 28.0436, 'lat': -26.2023}","[{'main': {'aqi': 5}, 'components': {'co': 3791.81, 'no': 53.64, 'no2': 61.01, 'o3': 0, 'so2': 160.22, 'pm2_5': 259.67, 'pm10': 337.47, 'nh3': 36.99}, 'dt': 1689792723}]"
"{'lon': 28.1858, 'lat': -25.8589}","[{'main': {'aqi': 5}, 'components': {'co': 1735.69, 'no': 7.6, 'no2': 79.51, 'o3': 1.43, 'so2': 62.94, 'pm2_5': 118.68, 'pm10': 171.93, 'nh3': 10.89}, 'dt': 1689792727}]"
"{'lon': 28.1378, 'lat': -25.9636}","[{'main': {'aqi': 5}, 'components': {'co': 1735.69, 'no': 7.6, 'no2': 79.51, 'o3': 1.43, 'so2': 62.94, 'pm2_5': 118.68, 'pm10': 171.93, 'nh3': 10.89}, 'dt': 1689792728}]"
"{'lon': 28.0589, 'lat': -26.0545}","[{'main': {'aqi': 5}, 'components': {'co': 4486.08, 'no': 58.12, 'no2': 119.27, 'o3': 0, 'so2': 181.2, 'pm2_5': 334.23, 'pm10': 422.53, 'nh3': 31.41}, 'dt': 1689792733}]"
"{'lon': 28.1878, 'lat': -25.7449}","[{'main': {'aqi': 5}, 'components': {'co': 1094.82, 'no': 0.29, 'no2': 28.1, 'o3': 15.02, 'so2': 40.05, 'pm2_5': 75.31, 'pm10': 97.47, 'nh3': 9.12}, 'dt': 1689793335}]"
"{'lon': 28.0436, 'lat': -26.2023}","[{'main': {'aqi': 5}, 'components': {'co': 3791.81, 'no': 53.64, 'no2': 61.01, 'o3': 0, 'so2': 160.22, 'pm2_5': 259.67, 'pm10': 337.47, 'nh3': 36.99}, 'dt': 1689793337}]"
"{'lon': 28.1858, 'lat': -25.8589}","[{'main': {'aqi': 5}, 'components': {'co': 1735.69, 'no': 7.6, 'no2': 79.51, 'o3': 1.43, 'so2': 62.94, 'pm2_5': 118.68, 'pm10': 171.93, 'nh3': 10.89}, 'dt': 1689793342}]"
"{'lon': 28.1378, 'lat': -25.9636}","[{'main': {'aqi': 5}, 'components': {'co': 1735.69, 'no': 7.6, 'no2': 79.51, 'o3': 1.43, 'so2': 62.94, 'pm2_5': 118.68, 'pm10': 171.93, 'nh3': 10.89}, 'dt': 1689793344}]"
"{'lon': 28.0589, 'lat': -26.0545}","[{'main': {'aqi': 5}, 'components': {'co': 4486.08, 'no': 58.12, 'no2': 119.27, 'o3': 0, 'so2': 181.2, 'pm2_5': 334.23, 'pm10': 422.53, 'nh3': 31.41}, 'dt': 1689793347}]"
"{'lon': 28.1878, 'lat': -25.7449}","[{'main': {'aqi': 5}, 'components': {'co': 1094.82, 'no': 0.29, 'no2': 28.1, 'o3': 15.02, 'so2': 40.05, 'pm2_5': 75.31, 'pm10': 97.47, 'nh3': 9.12}, 'dt': 1689793948}]"
"{'lon': 28.0436, 'lat': -26.2023}","[{'main': {'aqi': 5}, 'components': {'co': 3791.81, 'no': 53.64, 'no2': 61.01, 'o3': 0, 'so2': 160.22, 'pm2_5': 259.67, 'pm10': 337.47, 'nh3': 36.99}, 'dt': 1689793949}]"
"{'lon': 28.1858, 'lat': -25.8589}","[{'main': {'aqi': 5}, 'components': {'co': 1735.69, 'no': 7.6, 'no2': 79.51, 'o3': 1.43, 'so2': 62.94, 'pm2_5': 118.68, 'pm10': 171.93, 'nh3': 10.89}, 'dt': 1689793950}]"
"{'lon': 28.1378, 'lat': -25.9636}","[{'main': {'aqi': 5}, 'components': {'co': 1735.69, 'no': 7.6, 'no2': 79.51, 'o3': 1.43, 'so2': 62.94, 'pm2_5': 118.68, 'pm10': 171.93, 'nh3': 10.89}, 'dt': 1689793952}]"
"{'lon': 28.0589, 'lat': -26.0545}","[{'main': {'aqi': 5}, 'components': {'co': 4486.08, 'no': 58.12, 'no2': 119.27, 'o3': 0, 'so2': 181.2, 'pm2_5': 334.23, 'pm10': 422.53, 'nh3': 31.41}, 'dt': 1689793953}]"
"{'lon': 28.1878, 'lat': -25.7449}","[{'main': {'aqi': 5}, 'components': {'co': 1094.82, 'no': 0.29, 'no2': 28.1, 'o3': 15.02, 'so2': 40.05, 'pm2_5': 75.31, 'pm10': 97.47, 'nh3': 9.12}, 'dt': 1689794554}]"
"{'lon': 28.0436, 'lat': -26.2023}","[{'main': {'aqi': 5}, 'components': {'co': 3791.81, 'no': 53.64, 'no2': 61.01, 'o3': 0, 'so2': 160.22, 'pm2_5': 259.67, 'pm10': 337.47, 'nh3': 36.99}, 'dt': 1689794555}]"
"{'lon': 28.1858, 'lat': -25.8589}","[{'main': {'aqi': 5}, 'components': {'co': 1735.69, 'no': 7.6, 'no2': 79.51, 'o3': 1.43, 'so2': 62.94, 'pm2_5': 118.68, 'pm10': 171.93, 'nh3': 10.89}, 'dt': 1689794556}]"
"{'lon': 28.1378, 'lat': -25.9636}","[{'main': {'aqi': 5}, 'components': {'co': 1735.69, 'no': 7.6, 'no2': 79.51, 'o3': 1.43, 'so2': 62.94, 'pm2_5': 118.68, 'pm10': 171.93, 'nh3': 10.89}, 'dt': 1689794557}]"
"{'lon': 28.0589, 'lat': -26.0545}","[{'main': {'aqi': 5}, 'components': {'co': 4486.08, 'no': 58.12, 'no2': 119.27, 'o3': 0, 'so2': 181.2, 'pm2_5': 334.23, 'pm10': 422.53, 'nh3': 31.41}, 'dt': 1689794558}]"
"{'lon': 28.1878, 'lat': -25.7449}","[{'main': {'aqi': 5}, 'components': {'co': 1415.25, 'no': 2.99, 'no2': 40.78, 'o3': 3.58, 'so2': 46.25, 'pm2_5': 98.04, 'pm10': 129.42, 'nh3': 10.77}, 'dt': 1689795160}]"
"{'lon': 28.0436, 'lat': -26.2023}","[{'main': {'aqi': 5}, 'components': {'co': 3524.78, 'no': 47.39, 'no2': 56.89, 'o3': 0, 'so2': 133.51, 'pm2_5': 242.1, 'pm10': 317.64, 'nh3': 32.93}, 'dt': 1689795161}]"
"{'lon': 28.1858, 'lat': -25.8589}","[{'main': {'aqi': 5}, 'components': {'co': 2910.61, 'no': 29.5, 'no2': 101.45, 'o3': 0, 'so2': 84.88, 'pm2_5': 212.83, 'pm10': 286.51, 'nh3': 14.19}, 'dt': 1689795163}]"
"{'lon': 28.1378, 'lat': -25.9636}","[{'main': {'aqi': 5}, 'components': {'co': 2910.61, 'no': 29.5, 'no2': 101.45, 'o3': 0, 'so2': 84.88, 'pm2_5': 212.83, 'pm10': 286.51, 'nh3': 14.19}, 'dt': 1689795165}]"
"{'lon': 28.0589, 'lat': -26.0545}","[{'main': {'aqi': 5}, 'components': {'co': 4806.52, 'no': 66.16, 'no2': 101.45, 'o3': 0, 'so2': 167.85, 'pm2_5': 359.22, 'pm10': 447.84, 'nh3': 32.17}, 'dt': 1689795167}]"
"{'lon': 28.1878, 'lat': -25.7449}","[{'main': {'aqi': 5}, 'components': {'co': 1415.25, 'no': 2.99, 'no2': 40.78, 'o3': 3.58, 'so2': 46.25, 'pm2_5': 98.04, 'pm10': 129.42, 'nh3': 10.77}, 'dt': 1689795768}]"
"{'lon': 28.0436, 'lat': -26.2023}","[{'main': {'aqi': 5}, 'components': {'co': 3524.78, 'no': 47.39, 'no2': 56.89, 'o3': 0, 'so2': 133.51, 'pm2_5': 242.1, 'pm10': 317.64, 'nh3': 32.93}, 'dt': 1689795769}]"
"{'lon': 28.1858, 'lat': -25.8589}","[{'main': {'aqi': 5}, 'components': {'co': 2910.61, 'no': 29.5, 'no2': 101.45, 'o3': 0, 'so2': 84.88, 'pm2_5': 212.83, 'pm10': 286.51, 'nh3': 14.19}, 'dt': 1689795770}]"
"{'lon': 28.1378, 'lat': -25.9636}","[{'main': {'aqi': 5}, 'components': {'co': 2910.61, 'no': 29.5, 'no2': 101.45, 'o3': 0, 'so2': 84.88, 'pm2_5': 212.83, 'pm10': 286.51, 'nh3': 14.19}, 'dt': 1689795770}]"
"{'lon': 28.0589, 'lat': -26.0545}","[{'main': {'aqi': 5}, 'components': {'co': 4806.52, 'no': 66.16, 'no2': 101.45, 'o3': 0, 'so2': 167.85, 'pm2_5': 359.22, 'pm10': 447.84, 'nh3': 32.17}, 'dt': 1689795771}]"
"{'lon': 28.1878, 'lat': -25.7449}","[{'main': {'aqi': 5}, 'components': {'co': 1415.25, 'no': 2.99, 'no2': 40.78, 'o3': 3.58, 'so2': 46.25, 'pm2_5': 98.04, 'pm10': 129.42, 'nh3': 10.77}, 'dt': 1689796372}]"
"{'lon': 28.0436, 'lat': -26.2023}","[{'main': {'aqi': 5}, 'components': {'co': 3524.78, 'no': 47.39, 'no2': 56.89, 'o3': 0, 'so2': 133.51, 'pm2_5': 242.1, 'pm10': 317.64, 'nh3': 32.93}, 'dt': 1689796373}]"
"{'lon': 28.1858, 'lat': -25.8589}","[{'main': {'aqi': 5}, 'components': {'co': 2910.61, 'no': 29.5, 'no2': 101.45, 'o3': 0, 'so2': 84.88, 'pm2_5': 212.83, 'pm10': 286.51, 'nh3': 14.19}, 'dt': 1689796374}]"
"{'lon': 28.1378, 'lat': -25.9636}","[{'main': {'aqi': 5}, 'components': {'co': 2910.61, 'no': 29.5, 'no2': 101.45, 'o3': 0, 'so2': 84.88, 'pm2_5': 212.83, 'pm10': 286.51, 'nh3': 14.19}, 'dt': 1689796375}]"
"{'lon': 28.0589, 'lat': -26.0545}","[{'main': {'aqi': 5}, 'components': {'co': 4806.52, 'no': 66.16, 'no2': 101.45, 'o3': 0, 'so2': 167.85, 'pm2_5': 359.22, 'pm10': 447.84, 'nh3': 32.17}, 'dt': 1689796376}]"
"{'lon': 28.1878, 'lat': -25.7449}","[{'main': {'aqi': 5}, 'components': {'co': 1415.25, 'no': 2.99, 'no2': 40.78, 'o3': 3.58, 'so2': 46.25, 'pm2_5': 98.04, 'pm10': 129.42, 'nh3': 10.77}, 'dt': 1689796977}]"
"{'lon': 28.0436, 'lat': -26.2023}","[{'main': {'aqi': 5}, 'components': {'co': 3524.78, 'no': 47.39, 'no2': 56.89, 'o3': 0, 'so2': 133.51, 'pm2_5': 242.1, 'pm10': 317.64, 'nh3': 32.93}, 'dt': 1689796978}]"
"{'lon': 28.1858, 'lat': -25.8589}","[{'main': {'aqi': 5}, 'components': {'co': 2910.61, 'no': 29.5, 'no2': 101.45, 'o3': 0, 'so2': 84.88, 'pm2_5': 212.83, 'pm10': 286.51, 'nh3': 14.19}, 'dt': 1689796979}]"
"{'lon': 28.1378, 'lat': -25.9636}","[{'main': {'aqi': 5}, 'components': {'co': 2910.61, 'no': 29.5, 'no2': 101.45, 'o3': 0, 'so2': 84.88, 'pm2_5': 212.83, 'pm10': 286.51, 'nh3': 14.19}, 'dt': 1689796979}]"
"{'lon': 28.0589, 'lat': -26.0545}","[{'main': {'aqi': 5}, 'components': {'co': 4806.52, 'no': 66.16, 'no2': 101.45, 'o3': 0, 'so2': 167.85, 'pm2_5': 359.22, 'pm10': 447.84, 'nh3': 32.17}, 'dt': 1689796980}]"
